{"name":"mus_weather_groudon","title":"Weather Groudon","reverb":50,"loopStart":0.0,"loopEnd":49.23072,"tracks":[[[0.0,"ls",44],[0.0,"ev",18],[0.0,"ev",16],[0.0,"br",12],[0.0,"p",-64],[0.0,"v",39],[0.0,"b",2],[0.0,"n",99,112,0.09615,"v0"],[0.38461,"n",90,64,0.09615,"v0"],[0.76923,"n",93,64,0.09615,"v0"],[1.15385,"n",90,64,0.09615,"v0"],[1.53846,"n",99,64,0.09615,"v0"],[1.92307,"n",90,64,0.09615,"v0"],[2.30769,"n",93,64,0.09615,"v0"],[2.6923,"n",90,64,0.09615,"v0"],[3.07692,"n",99,96,0.09615,"v0"],[3.46154,"n",90,64,0.09615,"v0"],[3.84615,"n",93,64,0.09615,"v0"],[4.23076,"n",90,64,0.09615,"v0"],[4.61538,"n",99,64,0.09615,"v0"],[5.0,"n",90,64,0.09615,"v0"],[5.38461,"n",93,64,0.09615,"v0"],[5.76922,"n",90,64,0.09615,"v0"],[6.15384,"n",101,96,0.09615,"v0"],[6.53845,"n",92,64,0.09615,"v0"],[6.92307,"n",95,64,0.09615,"v0"],[7.30769,"n",92,64,0.09615,"v0"],[7.6923,"n",101,64,0.09615,"v0"],[8.07691,"n",92,64,0.09615,"v0"],[8.46153,"n",95,64,0.09615,"v0"],[8.84614,"n",92,64,0.09615,"v0"],[9.23076,"n",101,96,0.09615,"v0"],[9.61538,"n",92,64,0.09615,"v0"],[9.99999,"n",95,64,0.09615,"v0"],[10.38461,"n",92,64,0.09615,"v0"],[10.76922,"n",101,64,0.09615,"v0"],[11.15384,"n",92,64,0.09615,"v0"],[11.53845,"n",95,64,0.09615,"v0"],[11.92307,"n",92,64,0.09615,"v0"],[12.30768,"n",99,96,0.09615,"v0"],[12.69229,"n",90,64,0.09615,"v0"],[13.07691,"n",93,64,0.09615,"v0"],[13.46152,"n",90,64,0.09615,"v0"],[13.84614,"n",99,64,0.09615,"v0"],[14.23076,"n",90,64,0.09615,"v0"],[14.61537,"n",93,64,0.09615,"v0"],[14.99999,"n",90,64,0.09615,"v0"],[15.3846,"n",99,96,0.09615,"v0"],[15.76922,"n",90,64,0.09615,"v0"],[16.15383,"n",93,64,0.09615,"v0"],[16.53844,"n",90,64,0.09615,"v0"],[16.92306,"n",99,64,0.09615,"v0"],[17.30767,"n",90,64,0.09615,"v0"],[17.69229,"n",93,64,0.09615,"v0"],[18.07691,"n",90,64,0.09615,"v0"],[18.46152,"n",101,96,0.09615,"v0"],[18.84614,"n",92,64,0.09615,"v0"],[19.23075,"n",95,64,0.09615,"v0"],[19.61537,"n",92,64,0.09615,"v0"],[19.99998,"n",101,64,0.09615,"v0"],[20.3846,"n",92,64,0.09615,"v0"],[20.76921,"n",95,64,0.09615,"v0"],[21.15383,"n",92,64,0.09615,"v0"],[21.53844,"n",101,96,0.09615,"v0"],[21.92306,"n",92,64,0.09615,"v0"],[22.30767,"n",95,64,0.09615,"v0"],[22.69228,"n",92,64,0.09615,"v0"],[23.0769,"n",101,64,0.09615,"v0"],[23.46152,"n",92,64,0.09615,"v0"],[23.84613,"n",95,64,0.09615,"v0"],[24.23074,"n",92,64,0.09615,"v0"],[24.61536,"n",99,96,0.09615,"v0"],[24.90382,"n",99,64,0.09615,"v0"],[24.99998,"n",90,64,0.09615,"v0"],[25.28844,"n",90,64,0.09615,"v0"],[25.38459,"n",93,64,0.09615,"v0"],[25.67305,"n",93,64,0.09615,"v0"],[25.7692,"n",90,64,0.09615,"v0"],[26.05767,"n",90,64,0.09615,"v0"],[26.15382,"n",99,64,0.09615,"v0"],[26.44228,"n",99,64,0.09615,"v0"],[26.53844,"n",90,64,0.09615,"v0"],[26.8269,"n",90,64,0.09615,"v0"],[26.92305,"n",93,64,0.09615,"v0"],[27.21151,"n",93,64,0.09615,"v0"],[27.30767,"n",90,64,0.09615,"v0"],[27.59613,"n",90,64,0.09615,"v0"],[27.69228,"n",99,96,0.09615,"v0"],[27.98074,"n",99,64,0.09615,"v0"],[28.07689,"n",90,64,0.09615,"v0"],[28.36536,"n",90,64,0.09615,"v0"],[28.46151,"n",93,64,0.09615,"v0"],[28.74997,"n",93,64,0.09615,"v0"],[28.84613,"n",90,64,0.09615,"v0"],[29.13459,"n",90,64,0.09615,"v0"],[29.23074,"n",99,64,0.09615,"v0"],[29.5192,"n",99,64,0.09615,"v0"],[29.61535,"n",90,64,0.09615,"v0"],[29.90382,"n",90,64,0.09615,"v0"],[29.99997,"n",93,64,0.09615,"v0"],[30.28843,"n",93,64,0.09615,"v0"],[30.38459,"n",90,64,0.09615,"v0"],[30.67305,"n",90,64,0.09615,"v0"],[30.7692,"n",101,96,0.09615,"v0"],[31.05766,"n",101,64,0.09615,"v0"],[31.15381,"n",92,64,0.09615,"v0"],[31.44228,"n",92,64,0.09615,"v0"],[31.53843,"n",95,64,0.09615,"v0"],[31.82689,"n",95,64,0.09615,"v0"],[31.92305,"n",92,64,0.09615,"v0"],[32.21151,"n",92,64,0.09615,"v0"],[32.30766,"n",101,64,0.09615,"v0"],[32.59612,"n",101,64,0.09615,"v0"],[32.69228,"n",92,64,0.09615,"v0"],[32.98074,"n",92,64,0.09615,"v0"],[33.07689,"n",95,64,0.09615,"v0"],[33.36535,"n",95,64,0.09615,"v0"],[33.4615,"n",92,64,0.09615,"v0"],[33.74997,"n",92,64,0.09615,"v0"],[33.84612,"n",101,96,0.09615,"v0"],[34.13458,"n",101,64,0.09615,"v0"],[34.23074,"n",92,64,0.09615,"v0"],[34.5192,"n",92,64,0.09615,"v0"],[34.61535,"n",95,64,0.09615,"v0"],[34.90381,"n",95,64,0.09615,"v0"],[34.99996,"n",92,64,0.09615,"v0"],[35.28843,"n",92,64,0.09615,"v0"],[35.38458,"n",101,64,0.09615,"v0"],[35.67304,"n",101,64,0.09615,"v0"],[35.7692,"n",92,64,0.09615,"v0"],[36.05766,"n",92,64,0.09615,"v0"],[36.15381,"n",95,64,0.09615,"v0"],[36.44227,"n",95,64,0.09615,"v0"],[36.53842,"n",92,64,0.09615,"v0"],[36.82689,"n",92,64,0.09615,"v0"],[36.92304,"n",99,96,0.09615,"v0"],[37.2115,"n",99,64,0.09615,"v0"],[37.30766,"n",90,64,0.09615,"v0"],[37.59612,"n",90,64,0.09615,"v0"],[37.69227,"n",93,64,0.09615,"v0"],[37.98073,"n",93,64,0.09615,"v0"],[38.07688,"n",90,64,0.09615,"v0"],[38.36535,"n",90,64,0.09615,"v0"],[38.4615,"n",99,64,0.09615,"v0"],[38.74996,"n",99,64,0.09615,"v0"],[38.84612,"n",90,64,0.09615,"v0"],[39.13458,"n",90,64,0.09615,"v0"],[39.23073,"n",93,64,0.09615,"v0"],[39.51919,"n",93,64,0.09615,"v0"],[39.61534,"n",90,64,0.09615,"v0"],[39.90381,"n",90,64,0.09615,"v0"],[39.99996,"n",99,96,0.09615,"v0"],[40.28842,"n",99,64,0.09615,"v0"],[40.38457,"n",90,64,0.09615,"v0"],[40.67304,"n",90,64,0.09615,"v0"],[40.76919,"n",93,64,0.09615,"v0"],[41.05765,"n",93,64,0.09615,"v0"],[41.1538,"n",90,64,0.09615,"v0"],[41.44227,"n",90,64,0.09615,"v0"],[41.53842,"n",99,64,0.09615,"v0"],[41.82688,"n",99,64,0.09615,"v0"],[41.92303,"n",90,64,0.09615,"v0"],[42.2115,"n",90,64,0.09615,"v0"],[42.30765,"n",93,64,0.09615,"v0"],[42.59611,"n",93,64,0.09615,"v0"],[42.69226,"n",90,64,0.09615,"v0"],[42.98073,"n",90,64,0.09615,"v0"],[43.07688,"n",101,96,0.09615,"v0"],[43.36534,"n",101,64,0.09615,"v0"],[43.4615,"n",92,64,0.09615,"v0"],[43.74996,"n",92,64,0.09615,"v0"],[43.84611,"n",95,64,0.09615,"v0"],[44.13457,"n",95,64,0.09615,"v0"],[44.23072,"n",92,64,0.09615,"v0"],[44.51919,"n",92,64,0.09615,"v0"],[44.61534,"n",101,64,0.09615,"v0"],[44.9038,"n",101,64,0.09615,"v0"],[44.99995,"n",92,64,0.09615,"v0"],[45.28842,"n",92,64,0.09615,"v0"],[45.38457,"n",95,64,0.09615,"v0"],[45.67303,"n",95,64,0.09615,"v0"],[45.76919,"n",92,64,0.09615,"v0"],[46.05765,"n",92,64,0.09615,"v0"],[46.1538,"n",101,96,0.09615,"v0"],[46.44226,"n",101,64,0.09615,"v0"],[46.53841,"n",92,64,0.09615,"v0"],[46.82688,"n",92,64,0.09615,"v0"],[46.92303,"n",95,64,0.09615,"v0"],[47.21149,"n",95,64,0.09615,"v0"],[47.30765,"n",92,64,0.09615,"v0"],[47.59611,"n",92,64,0.09615,"v0"],[47.69226,"n",101,64,0.09615,"v0"],[47.98072,"n",101,64,0.09615,"v0"],[48.07688,"n",92,64,0.09615,"v0"],[48.36534,"n",92,64,0.09615,"v0"],[48.46149,"n",95,64,0.09615,"v0"],[48.74995,"n",95,64,0.09615,"v0"],[48.84611,"n",92,64,0.09615,"v0"],[49.13457,"n",92,64,0.09615,"v0"]],[[0.0,"ls",44],[0.0,"ev",18],[0.0,"ev",16],[0.0,"br",12],[0.0,"p",63],[0.0,"v",39],[0.0,"n",99,112,0.09615,"v0"],[0.38461,"n",90,64,0.09615,"v0"],[0.76923,"n",93,64,0.09615,"v0"],[1.15385,"n",90,64,0.09615,"v0"],[1.53846,"n",99,64,0.09615,"v0"],[1.92307,"n",90,64,0.09615,"v0"],[2.30769,"n",93,64,0.09615,"v0"],[2.6923,"n",90,64,0.09615,"v0"],[3.07692,"n",99,96,0.09615,"v0"],[3.46154,"n",90,64,0.09615,"v0"],[3.84615,"n",93,64,0.09615,"v0"],[4.23076,"n",90,64,0.09615,"v0"],[4.61538,"n",99,64,0.09615,"v0"],[5.0,"n",90,64,0.09615,"v0"],[5.38461,"n",93,64,0.09615,"v0"],[5.76922,"n",90,64,0.09615,"v0"],[6.15384,"n",101,96,0.09615,"v0"],[6.53845,"n",92,64,0.09615,"v0"],[6.92307,"n",95,64,0.09615,"v0"],[7.30769,"n",92,64,0.09615,"v0"],[7.6923,"n",101,64,0.09615,"v0"],[8.07691,"n",92,64,0.09615,"v0"],[8.46153,"n",95,64,0.09615,"v0"],[8.84614,"n",92,64,0.09615,"v0"],[9.23076,"n",101,96,0.09615,"v0"],[9.61538,"n",92,64,0.09615,"v0"],[9.99999,"n",95,64,0.09615,"v0"],[10.38461,"n",92,64,0.09615,"v0"],[10.76922,"n",101,64,0.09615,"v0"],[11.15384,"n",92,64,0.09615,"v0"],[11.53845,"n",95,64,0.09615,"v0"],[11.92307,"n",92,64,0.09615,"v0"],[12.30768,"b",-2],[12.30768,"n",99,96,0.09615,"v0"],[12.69229,"n",90,64,0.09615,"v0"],[13.07691,"n",93,64,0.09615,"v0"],[13.46152,"n",90,64,0.09615,