{"name":"mus_rg_mystery_gift","title":"FRLG Mystery Gift","reverb":50,"loopStart":1.93548,"loopEnd":17.41932,"tracks":[[[0.0,"v",75],[0.0,"n",72,120,0.08065,"v0"],[0.48387,"n",72,120,0.40322,"v0"],[0.7258,"m",7],[0.88709,"m",0],[0.96774,"n",72,120,0.32258,"v0"],[1.12903,"m",7],[1.29032,"m",0],[1.29032,"n",71,120,0.04032,"v0"],[1.45161,"n",72,120,0.32258,"v0"],[1.6129,"m",7],[1.77419,"n",74,120,0.08064,"v0"],[1.81451,"m",0],[1.93548,"n",76,120,0.08065,"v0"],[2.25806,"n",67,120,0.02016,"v0"],[2.41935,"n",76,120,0.32258,"v0"],[2.54032,"m",7],[2.74193,"n",67,120,0.02016,"v0"],[2.78225,"m",0],[2.90322,"n",74,120,0.08065,"v0"],[3.2258,"n",67,120,0.02016,"v0"],[3.38709,"n",74,120,0.32258,"v0"],[3.50806,"m",7],[3.70967,"n",67,120,0.02016,"v0"],[3.74999,"m",0],[3.87096,"n",72,120,0.32258,"v0"],[3.99193,"m",7],[4.19354,"n",67,120,0.02016,"v0"],[4.23386,"m",0],[4.35483,"n",72,120,0.32258,"v0"],[4.4758,"m",7],[4.67741,"n",67,120,0.02016,"v0"],[4.71773,"m",0],[4.8387,"n",72,120,0.16129,"v0"],[4.99999,"n",71,120,0.08065,"v0"],[5.16128,"n",69,120,0.08064,"v0"],[5.32257,"n",72,120,0.32258,"v0"],[5.44354,"m",7],[5.64515,"n",67,120,0.02016,"v0"],[5.64515,"n",74,120,0.08065,"v0"],[5.68547,"m",0],[5.80644,"n",76,120,0.08065,"v0"],[6.12902,"n",67,120,0.02016,"v0"],[6.29031,"n",76,120,0.32258,"v0"],[6.41128,"m",7],[6.61289,"n",67,120,0.02016,"v0"],[6.65321,"m",0],[6.77418,"n",74,120,0.08065,"v0"],[7.09676,"n",67,120,0.02016,"v0"],[7.25805,"n",74,120,0.32258,"v0"],[7.37902,"m",7],[7.58063,"n",67,120,0.02016,"v0"],[7.62095,"m",0],[7.74192,"n",72,120,0.32258,"v0"],[7.86289,"m",7],[8.0645,"n",67,120,0.02016,"v0"],[8.10482,"m",0],[8.22579,"n",72,120,0.32258,"v0"],[8.34676,"m",7],[8.54837,"n",67,120,0.02016,"v0"],[8.58869,"m",0],[8.70966,"n",72,120,0.08065,"v0"],[8.87095,"n",71,120,0.08064,"v0"],[9.03224,"n",69,120,0.04032,"v0"],[9.19353,"n",72,120,0.32258,"v0"],[9.3145,"m",7],[9.51611,"n",67,120,0.02016,"v0"],[9.51611,"n",74,120,0.08065,"v0"],[9.55643,"m",0],[9.6774,"n",77,120,0.08065,"v0"],[9.99998,"n",69,120,0.02016,"v0"],[10.16127,"n",77,120,0.32258,"v0"],[10.28224,"m",7],[10.48385,"n",69,120,0.02016,"v0"],[10.52417,"m",0],[10.64514,"n",76,120,0.08065,"v0"],[10.96772,"n",69,120,0.02016,"v0"],[11.12901,"n",76,120,0.32258,"v0"],[11.24998,"m",7],[11.45159,"n",69,120,0.02016,"v0"],[11.49191,"m",0],[11.61288,"n",74,120,0.32258,"v0"],[11.73385,"m",7],[11.93546,"n",69,120,0.02016,"v0"],[11.97578,"m",0],[12.09675,"n",74,120,0.32258,"v0"],[12.21772,"m",7],[12.41933,"n",69,120,0.02016,"v0"],[12.45965,"m",0],[12.58062,"n",74,120,0.08064,"v0"],[12.74191,"n",72,120,0.08065,"v0"],[12.9032,"n",71,120,0.08065,"v0"],[13.06449,"n",72,120,0.32258,"v0"],[13.18546,"m",7],[13.38707,"n",74,120,0.08065,"v0"],[13.42739,"m",0],[13.54836,"n",77,120,0.08064,"v0"],[13.87094,"n",69,120,0.02016,"v0"],[14.03223,"n",77,120,0.32258,"v0"],[14.1532,"m",7],[14.35481,"n",69,120,0.02016,"v0"],[14.39513,"m",0],[14.5161,"n",76,120,0.08065,"v0"],[14.83868,"n",67,120,0.02016,"v0"],[14.99997,"n",76,120,0.32258,"v0"],[15.12094,"m",7],[15.32255,"n",67,120,0.02016,"v0"],[15.36287,"m",0],[15.48384,"n",74,120,0.32258,"v0"],[15.60481,"m",7],[15.80642,"n",65,120,0.02016,"v0"],[15.84674,"m",0],[15.96771,"n",74,120,0.04032,"v0"],[16.29029,"n",67,120,0.02016,"v0"],[16.45158,"n",72,120,0.32258,"v0"],[16.57255,"m",7],[16.77416,"n",71,120,0.04032,"v0"],[16.81448,"m",0],[16.93545,"n",72,120,0.32258,"v0"],[17.05642,"m",7],[17.25803,"n",74,120,0.08064,"v0"],[17.29835,"m",0]],[[0.0,"ls",44],[0.0,"br",12],[0.0,"p",32],[0.0,"v",37],[0.0,"n",65,120,0.08065,"v0"],[0.48387,"n",65,120,0.40322,"v0"],[0.7258,"m",7],[0.88709,"m",0],[0.96774,"n",65,120,0.32258,"v0"],[1.12903,"m",7],[1.29032,"m",0],[1.29032,"n",64,120,0.04032,"v0"],[1.45161,"n",65,120,0.32258,"v0"],[1.6129,"m",7],[1.77419,"n",67,120,0.08064,"v0"],[1.81451,"m",0],[1.93548,"n",72,120,0.08065,"v0"],[2.41935,"n",72,120,0.32258,"v0"],[2.54032,"m",7],[2.78225,"m",0],[2.90322,"n",71,120,0.08065,"v0"],[3.38709,"n",71,120,0.32258,"v0"],[3.50806,"m",7],[3.74999,"m",0],[3.87096,"n",69,120,0.32258,"v0"],[3.99193,"m",7],[4.23386,"m",0],[4.35483,"n",69,120,0.32258,"v0"],[4.4758,"m",7],[4.71773,"m",0],[4.8387,"n",69,120,0.08064,"v0"],[5.32257,"n",69,120,0.32258,"v0"],[5.44354,"m",7],[5.64515,"n",71,120,0.08065,"v0"],[5.68547,"m",0],[5.80644,"n",72,120,0.08065,"v0"],[6.29031,"n",72,120,0.32258,"v0"],[6.41128,"m",7],[6.65321,"m",0],[6.77418,"n",71,120,0.08065,"v0"],[7.25805,"n",71,120,0.32258,"v0"],[7.37902,"m",7],[7.62095,"m",0],[7.74192,"n",69,120,0.32258,"v0"],[7.86289,"m",7],[8.10482,"m",0],[8.22579,"n",69,120,0.32258,"v0"],[8.34676,"m",7],[8.58869,"m",0],[8.70966,"n",69,120,0.08065,"v0"],[9.19353,"n",69,120,0.32258,"v0"],[9.3145,"m",7],[9.51611,"n",71,120,0.08065,"v0"],[9.55643,"m",0],[9.6774,"n",72,120,0.08065,"v0"],[10.16127,"n",72,120,0.32258,"v0"],[10.28224,"m",7],[10.52417,"m",0],[10.64514,"n",72,120,0.08065,"v0"],[11.12901,"n",72,120,0.32258,"v0"],[11.24998,"m",7],[11.49191,"m",0],[11.61288,"n",72,120,0.32258,"v0"],[11.73385,"m",7],[11.97578,"m",0],[12.09675,"n",72,120,0.32258,"v0"],[12.21772,"m",7],[12.45965,"m",0],[12.58062,"n",72,120,0.08064,"v0"],[13.06449,"n",69,120,0.32258,"v0"],[13.18546,"m",7],[13.38707,"n",72,120,0.08065,"v0"],[13.42739,"m",0],[13.54836,"n",72,120,0.08064,"v0"],[14.03223,"n",72,120,0.32258,"v0"],[14.1532,"m",7],[14.39513,"m",0],[14.5161,"n",72,120,0.08065,"v0"],[14.99997,"n",72,120,0.32258,"v0"],[15.12094,"m",7],[15.36287,"m",0],[15.48384,"n",69,120,0.32258,"v0"],[15.60481,"m",7],[15.84674,"m",0],[15.96771,"n",69,120,0.04032,"v0"],[16.29029,"n",65,120,0.04032,"v0"],[16.45158,"n",65,120,0.32258,"v0"],[16.57255,"m",7],[16.77416,"n",64,120,0.04032,"v0"],[16.81448,"m",0],[16.93545,"n",65,120,0.32258,"v0"],[17.05642,"m",7],[17.25803,"n",67,120,0.08064,"v0"],[17.29835,"m",0]],[[0.0,"ls",44],[0.0,"br",12],[0.0,"p",-32],[0.0,"v",37],[0.0,"n",69,120,0.08065,"v0"],[0.48387,"n",69,120,0.40322,"v0"],[0.7258,"m",7],[0.88709,"m",0],[0.96774,"n",69,120,0.32258,"v0"],[1.12903,"m",7],[1.29032,"m",0],[1.29032,"n",67,120,0.04032,"v0"],[1.45161,"n",69,120,0.32258,"v0"],[1.6129,"m",7],[1.77419,"n",71,120,0.08064,"v0"],[1.81451,"m",0]],[[0.0,"br",12],[0.0,"ls",44],[0.0,"br",12],[0.0,"ls",44],[0.0,"v",100],[0.0,"n",43,120,0.08065,"v1"],[0.48387,"n",43,120,0.40322,"v1"],[0.68548,"v",88],[0.68548,"m",8],[0.96774,"v",100],[0.96774,"m",0],[0.96774,"n",43,120,0.32258,"v1"],[1.12903,"v",88],[1.16935,"m",8],[1.45161,"v",100],[1.45161,"m",0],[1.45161,"n",43,120,0.08065,"v1"],[1.6129,"n",55,120,0.08065,"v1"],[1.77419,"n",43,120,0.08064,"v1"],[1.93548,"n",48,120,0.08065,"v1"],[2.74193,"n",48,120,0.04032,"v1"],[2.90322,"n",48,120,0.08065,"v1"],[3.70967,"n",43,120,0.08065,"v1"],[3.87096,"n",48,120,0.32258,"v1"],[4.03225,"v",88],[4.07257,"m",8],[4.35483,"v",100],[4.35483,"m",0],[4.35483,"n",48,120,0.32258,"v1"],[4.51612,"v",88],[4.55644,"m",8],[4.67741,"m",0],[4.67741,"n",43,120,0.04032,"v1"],[4.71773,"v",100],[4.8387,"n",48,120,0.16129,"v1"],[5.16128,"n",48,120,0.08064,"v1"],[5.32257,"n",55,120,0.32258,"v1"],[5.48386,"v",88],[5.48386,"m",9],[5.64515,"n",43,120,0.08065,"v1"],[5.68547,"v",100],[5.68547,"m",0],[5.80644,"n",45,120,0.08065,"v1"],[6.29031,"n",57,120,0.32258,"v1"],[6.4516,"v",88],[6.4516,"m",8],[6.61289,"n",45,120,0.08064,"v1"],[6.65321,"v",100],[6.65321,"m",0],[6.77418,"n",45,120,0.08065,"v1"],[7.58063,"n",43,120,0.08064,"v1"],[7.74192,"n",45,120,0.32258,"v1"],[7.90321,"v",88],[7.94353,"m",8],[8.22579,"v",100],[8.22579,"m",0],[8.22579,"n",52,120,0.32258,"v1"],[8.38708,"v",88],[8.4274,"m",8],[8.54837,"n",45,120,0.04032,"v1"],[8.58869,"v",100],[8.70966,"m",0],[8.70966,"n",45,120,0.08065,"v1"],[9.03224,"n",45,120,0.04032,"v1"],[9.19353,"n",52,120,0.32258,"v1"],[9.3145,"m",8],[9.35482,"v",88],[9.51611,"m",0],[9.51611,"n",45,120,0.08065,"v1"],[9.55643,"v",100],[9.6774,"n",50,120,0.08065,"v1"],[10.48385,"n",45,120,0.08064,"v1"],[10.64514,"n",50,120,0.08065,"v1"],[11.45159,"n",45,120,0.08064,"v1"],[11.61288,"n",50,120,0.32258,"v1"],[11.77417,"v",88],[11.81449,"m",8],[12.09675,"v",100],