{"name":"mus_encounter_twins","title":"Encounter Twins","reverb":50,"loopStart":3.58209,"loopEnd":10.74626,"tracks":[[[0.0,"ls",44],[0.0,"p",0],[0.0,"v",39],[0.0,"n",88,112,0.05597,"v0"],[0.22388,"n",88,60,0.05597,"v0"],[0.44776,"n",88,112,0.05597,"v0"],[0.67164,"n",88,60,0.05597,"v0"],[0.89552,"n",88,112,0.05597,"v0"],[1.1194,"n",88,64,0.05597,"v0"],[1.34328,"n",88,112,0.05597,"v0"],[1.56716,"n",88,64,0.05597,"v0"],[1.79104,"n",88,112,0.05597,"v0"],[1.84701,"n",88,72,0.05597,"v0"],[1.90298,"n",88,72,0.05597,"v0"],[2.01492,"n",88,112,0.05597,"v0"],[2.91045,"n",88,112,0.05597,"v0"],[3.13433,"n",88,68,0.05597,"v0"],[3.35821,"n",88,112,0.05597,"v0"],[3.58209,"n",88,112,0.05597,"v0"],[3.80597,"n",88,64,0.05597,"v0"],[3.86194,"n",88,64,0.05597,"v0"],[3.91791,"n",88,64,0.05597,"v0"],[4.02985,"n",88,88,0.05597,"v0"],[4.25373,"n",88,72,0.05597,"v0"],[4.47761,"n",88,96,0.05597,"v0"],[4.70149,"n",88,64,0.05597,"v0"],[4.92537,"n",88,96,0.05597,"v0"],[5.14925,"n",88,64,0.05597,"v0"],[5.37313,"n",88,112,0.05597,"v0"],[5.59701,"n",88,64,0.05597,"v0"],[5.65298,"n",88,64,0.05597,"v0"],[5.70895,"n",88,64,0.05597,"v0"],[5.82089,"n",88,88,0.05597,"v0"],[6.26865,"n",88,112,0.05597,"v0"],[6.49253,"n",88,64,0.05597,"v0"],[6.5485,"n",88,64,0.05597,"v0"],[6.60447,"n",88,64,0.05597,"v0"],[6.71642,"n",88,88,0.05597,"v0"],[7.16418,"n",88,112,0.05597,"v0"],[7.38806,"n",88,64,0.05597,"v0"],[7.44403,"n",88,64,0.05597,"v0"],[7.5,"n",88,64,0.05597,"v0"],[7.61194,"n",88,88,0.05597,"v0"],[7.83582,"n",88,72,0.05597,"v0"],[8.0597,"n",88,96,0.05597,"v0"],[8.28358,"n",88,64,0.05597,"v0"],[8.50746,"n",88,96,0.05597,"v0"],[8.95522,"n",88,112,0.05597,"v0"],[9.1791,"n",88,64,0.05597,"v0"],[9.23507,"n",88,64,0.05597,"v0"],[9.29104,"n",88,64,0.05597,"v0"],[9.40298,"n",88,88,0.05597,"v0"],[9.85074,"n",88,112,0.05597,"v0"],[9.90671,"n",88,88,0.05597,"v0"],[9.96268,"n",88,84,0.05597,"v0"],[10.07462,"n",88,84,0.05597,"v0"],[10.2985,"n",88,112,0.05597,"v0"],[10.52238,"n",88,112,0.05597,"v0"]],[[0.0,"ls",44],[0.0,"p",0],[0.0,"v",39],[2.2388,"n",91,96,0.11194,"v1"],[6.04477,"n",91,80,0.11194,"v1"],[6.9403,"n",91,96,0.11194,"v1"],[8.73134,"n",91,84,0.11194,"v1"],[9.62686,"n",91,84,0.11194,"v1"]],[[0.0,"br",12],[0.0,"ls",44],[0.0,"p",0],[0.0,"v",75],[0.0,"b",-2],[0.05597,"b",0],[1.79104,"n",38,112,1.00746,"v2"],[1.90298,"b",3],[2.01492,"b",0],[2.12686,"b",3],[2.2388,"b",0],[2.91045,"n",48,112,0.11194,"v2"],[3.13433,"n",47,112,0.11194,"v2"],[3.35821,"n",45,112,0.11194,"v2"],[3.58209,"n",43,112,0.44776,"v2"],[3.69403,"b",3],[3.80597,"b",0],[4.02985,"n",50,112,0.11194,"v2"],[4.25373,"n",43,112,0.11194,"v2"],[4.47761,"n",38,112,0.22388,"v2"],[4.70149,"n",48,112,0.05597,"v2"],[4.81343,"n",43,112,0.11194,"v2"],[4.92537,"n",45,112,0.22388,"v2"],[5.14925,"n",40,112,0.11194,"v2"],[5.37313,"n",41,112,0.44776,"v2"],[5.48507,"b",3],[5.59701,"b",0],[5.82089,"n",45,112,0.11194,"v2"],[6.04477,"n",41,112,0.11194,"v2"],[6.26865,"n",38,112,0.67164,"v2"],[6.38059,"b",3],[6.49253,"b",0],[6.60447,"b",3],[6.71642,"b",0],[6.9403,"n",42,112,0.11194,"v2"],[7.16418,"n",47,112,0.44776,"v2"],[7.27612,"b",3],[7.38806,"b",0],[7.61194,"n",50,112,0.11194,"v2"],[7.83582,"n",47,112,0.11194,"v2"],[7.94776,"n",43,112,0.11194,"v2"],[8.0597,"n",38,112,0.67164,"v2"],[8.17164,"b",3],[8.28358,"b",0],[8.39552,"b",3],[8.50746,"b",0],[8.73134,"n",40,112,0.11194,"v2"],[8.95522,"n",41,112,0.44776,"v2"],[9.06716,"b",3],[9.1791,"b",0],[9.40298,"n",45,112,0.11194,"v2"],[9.62686,"n",39,112,0.11194,"v2"],[9.85074,"n",38,112,0.44776,"v2"],[9.96268,"b",3],[10.07462,"b",0],[10.18656,"b",3],[10.2985,"b",0],[10.2985,"n",42,112,0.11194,"v2"],[10.52238,"n",45,112,0.11194,"v2"]],[[0.0,"ls",44],[0.0,"p",-35],[0.0,"v",46],[0.0,"n",69,112,0.11194,"v3"],[0.44776,"n",72,112,0.11194,"v3"],[0.89552,"n",62,112,0.11194,"v3"],[1.34328,"n",66,112,0.11194,"v3"],[1.56716,"n",54,112,0.05597,"v3"],[1.62313,"n",57,112,0.05597,"v3"],[1.6791,"n",62,112,0.05597,"v3"],[1.73507,"n",66,112,0.05597,"v3"],[1.79104,"n",69,112,1.1194,"v3"],[2.91045,"n",59,112,0.11194,"v3"],[3.13433,"n",60,112,0.11194,"v3"],[3.35821,"n",62,112,0.11194,"v3"],[3.47015,"n",57,112,0.05597,"v3"],[3.52612,"n",60,112,0.05597,"v3"],[3.58209,"n",62,112,0.11194,"v3"],[3.80597,"n",62,68,0.05597,"v3"],[4.02985,"n",62,112,0.11194,"v3"],[4.25373,"n",57,112,0.11194,"v3"],[4.47761,"n",62,112,0.11194,"v3"],[4.70149,"n",67,112,0.11194,"v3"],[4.92537,"n",64,112,0.11194,"v3"],[5.03731,"n",57,112,0.05597,"v3"],[5.09328,"n",62,112,0.05597,"v3"],[5.14925,"n",66,112,0.11194,"v3"],[5.37313,"n",66,112,0.05597,"v3"],[5.59701,"n",66,112,0.05597,"v3"],[5.70895,"n",65,112,0.11194,"v3"],[5.82089,"n",66,112,0.05597,"v3"],[6.04477,"n",57,112,0.11194,"v3"],[6.15671,"n",50,112,0.05597,"v3"],[6.21268,"n",54,112,0.05597,"v3"],[6.26865,"n",60,112,0.44776,"v3"],[6.49253,"b",-5],[6.60447,"b",0],[6.71642,"n",59,112,0.11194,"v3"],[6.9403,"n",60,112,0.11194,"v3"],[7.05224,"n",55,112,0.05597,"v3"],[7.10821,"n",59,112,0.05597,"v3"],[7.16418,"n",62,112,0.44776,"v3"],[7.38806,"b",-5],[7.5,"b",0],[7.61194,"n",59,112,0.11194,"v3"],[7.83582,"n",55,112,0.11194,"v3"],[8.0597,"n",59,112,0.11194,"v3"],[8.28358,"n",67,112,0.11194,"v3"],[8.50746,"n",62,112,0.11194,"v3"],[8.73134,"n",67,112,0.11194,"v3"],[8.95522,"n",66,112,0.11194,"v3"],[9.1791,"n",62,112,0.11194,"v3"],[9.40298,"n",57,112,0.11194,"v3"],[9.51492,"n",60,112,0.05597,"v3"],[9.57089,"n",62,112,0.05597,"v3"],[9.62686,"n",66,112,0.11194,"v3"],[10.07462,"n",45,112,0.05597,"v3"],[10.13059,"n",48,112,0.05597,"v3"],[10.18656,"n",50,112,0.05597,"v3"],[10.24253,"n",53,112,0.05597,"v3"],[10.2985,"n",54,112,0.44776,"v3"],[10.41044,"b",-8],[10.52238,"b",3],[10.63432,"b",0]],[[0.0,"ls",44],[0.0,"v",55],[0.22388,"n",85,112,0.05597,"v3"],[0.67164,"n",85,112,0.05597,"v3"],[9.62686,"n",73,112,0.05597,"v3"],[10.07462,"n",85,80,0.05597,"v3"]],[[0.0,"ls",44],[0.0,"br",12],[0.0,"p",0],[0.0,"v",56],[0.0,"b",0],[0.0,"n",74,112,0.11194,"v3"],[0.22388,"n",86,112,0.11194,"v3"],[0.44776,"n",74,112,0.11194,"v3"],[0.67164,"n",86,112,0.11194,"v3"],[0.89552,"n",84,112,0.11194,"v3"],[1.1194,"n",83,112,0.11194,"v3"],[1.34328,"n",81,112,0.11194,"v3"],[1.56716,"n",62,112,0.05597,"v3"],[1.56716,"n",79,112,0.11194,"v3"],[1.62313,"n",66,112,0.05597,"v3"],[1.6791,"n",69,112,0.05597,"v3"],[1.73507,"n",72,112,0.05597,"v3"],[1.79104,"n",74,112,1.1194,"v3"],[1.90298,"b",8],[2.01492,"b",0],[2.12686,"b",8],[2.2388,"b",0],[2.91045,"n",66,112,0.11194,"v3"],[3.13433,"n",67,112,0.11194,"v3"],[3.35821,"n",69,112,0.11194,"v3"],[3.47015,"n",66,112,0.05597,"v3"],[3.52612,"n",69,112,0.05597,"v3"],[3.58209,"n",71,112,0.44776,"v3"],[3.80597,"b",-5],[3.91791,"b",0],[4.02985,"n",67,112,0.11194,"v3"],[4.25373,"n",62,112,0.11194,"v3"],[4.47761,"n",67,112,0.11194,"v3"],[4.70149,"n",74,112,0.11194,"v3"],[4.92537,"n",71,112,0.11194,"v3"],[5.03731,"n",66,112,0.05597,"v3"],[5.09328,"n",69,112,0.05597,"v3"],[5.14925,"n",72,112,0.67164,"v3"],[5.37313,"b",-5],[5.48507,"b",0],[5.82089,"n",69,112,0.11194,"v3"],[6.04477,"n",65,112,0.11194,"v3"],[6.15671,"n",57,112,0.05597,"v3"],[6.21268,"n",62,112,0.05597,"v3"],[6.26865,"n",66,112,0.44776,"v3"],[6.49253,"b",-5],[6.60447,"b",0],[6.71642,"n",67,112,0.11194,"v3"],[6.9403,"n",69,112,0.11194,"v3"],[7.05224,"n",62,112,0.05597,"v3"],[7.10821,"n",67,112,0.05597,"v3"],[7.16418,"n",71,112,0.44776,"v3"],[7.38806,"b",-5],[7.5,"b",0],[7.61194,"n",67,112,0.11194,"v3"],[7.83582,"n",62,112,0.11194,"v3"],[8.0597,"n",67,112,0.11194,"v3"],[8.28358,"n",74,112,0.11194,"v3"],[8.50746,"n",71,112,0.11194,"v3"],[8.73134,"n",74,112,0.11194,"v3"],[8.95522,"n",72,112,0.11194,"v3"],[9.1791,"n",69,112,0.11194,"v3"],[9.40298,"n",66,112,0.11194,"v3"],[9.51492,"n",69,112,0.05597,"v3"],[9.57089,"n",72,112,0.05597,"v3"],[9.62686,"n",74,112,0.11194,"v3"],[10.07462,"n",50,80,0.05597,"v3"],[10.07462,"n",86,80,0.11194,"v3"],[10.13059,"n",54,112,0.05597,"v3"],[10.18656,"n",57,112,0.05597,"v3"],[10.24253,"n",60,112,0.05597,"v3"],[10.2985,"n",62,112,0.44776,"v3"],[10.41044,"b",-8],[10.52238,"b",3],[10.63432,"b",0]],[[0.0,"ls",44],[0.0,"ev",18],[0.0,"ev",