{"name":"mus_rg_teachy_tv_show","title":"FRLG Teachy Tv Show","reverb":50,"loopStart":9.86299,"loopEnd":16.43832,"tracks":[[[0.0,"p",32],[0.0,"v",45],[0.0,"n",71,127,0.10274,"v0"],[0.20548,"n",69,127,0.10274,"v0"],[0.41096,"n",68,127,0.10274,"v0"],[0.61644,"n",69,127,0.10274,"v0"],[0.82192,"n",68,127,0.10274,"v0"],[1.0274,"n",66,127,0.10274,"v0"],[1.23287,"n",64,127,0.10274,"v0"],[1.43835,"n",63,127,0.10274,"v0"],[1.64383,"n",59,127,0.41096,"v0"],[2.05479,"n",59,127,0.10274,"v0"],[2.15753,"n",63,127,0.10274,"v0"],[2.26027,"n",64,127,0.10274,"v0"],[2.36301,"n",69,127,0.10274,"v0"],[2.46575,"n",71,127,1.02739,"v0"],[3.49314,"n",64,127,0.05137,"v0"],[3.69862,"n",64,127,0.05137,"v0"],[4.31506,"n",66,127,0.05137,"v0"],[4.52054,"n",66,127,0.05137,"v0"],[5.13698,"n",64,127,0.05137,"v0"],[5.34245,"n",64,127,0.05137,"v0"],[5.95889,"n",62,127,0.05137,"v0"],[6.16437,"n",62,127,0.05137,"v0"],[6.78081,"n",64,127,0.05137,"v0"],[6.98629,"n",64,127,0.05137,"v0"],[7.60272,"n",66,127,0.05137,"v0"],[7.8082,"n",66,127,0.05137,"v0"],[8.42464,"n",64,127,0.05137,"v0"],[8.8356,"n",64,127,0.05137,"v0"],[9.24655,"n",64,127,0.05137,"v0"],[9.45203,"n",64,127,0.05137,"v0"],[10.06847,"n",64,127,0.05137,"v0"],[10.27395,"n",64,127,0.05137,"v0"],[10.89039,"n",66,127,0.05137,"v0"],[11.09587,"n",66,127,0.05137,"v0"],[11.7123,"n",64,127,0.05137,"v0"],[11.91778,"n",64,127,0.05137,"v0"],[12.53422,"n",62,127,0.05137,"v0"],[12.7397,"n",62,127,0.05137,"v0"],[13.35614,"n",64,127,0.05137,"v0"],[13.56161,"n",64,127,0.05137,"v0"],[14.17805,"n",66,127,0.05137,"v0"],[14.38353,"n",66,127,0.05137,"v0"],[14.99997,"n",64,127,0.05137,"v0"],[15.41092,"n",64,127,0.05137,"v0"],[15.82188,"n",64,127,0.05137,"v0"],[16.02736,"n",64,127,0.05137,"v0"]],[[0.0,"ls",44],[0.0,"br",12],[0.0,"p",0],[0.0,"v",63],[0.0,"n",100,127,0.10274,"v1"],[0.20548,"n",98,127,0.10274,"v1"],[0.41096,"n",97,127,0.10274,"v1"],[0.61644,"n",98,127,0.10274,"v1"],[0.82192,"n",97,127,0.10274,"v1"],[1.0274,"n",95,127,0.10274,"v1"],[1.23287,"n",93,127,0.10274,"v1"],[1.43835,"n",92,127,0.10274,"v1"],[1.64383,"n",88,127,0.10274,"v1"],[2.05479,"n",88,127,0.10274,"v1"],[2.15753,"n",92,127,0.10274,"v1"],[2.26027,"n",95,127,0.10274,"v1"],[2.36301,"n",99,127,0.10274,"v1"],[2.46575,"n",100,127,0.10274,"v1"],[3.28766,"n",93,127,0.10274,"v1"],[3.49314,"n",97,127,0.10274,"v1"],[3.69862,"n",100,127,0.10274,"v1"],[4.10958,"n",98,127,0.10274,"v1"],[4.31506,"n",102,127,0.10274,"v1"],[4.52054,"n",105,127,0.10274,"v1"],[4.9315,"n",93,127,0.10274,"v1"],[5.13698,"n",97,127,0.10274,"v1"],[5.34245,"n",100,127,0.10274,"v1"],[5.75341,"n",98,127,0.10274,"v1"],[5.95889,"n",97,127,0.10274,"v1"],[6.16437,"n",95,127,0.10274,"v1"],[6.57533,"n",93,127,0.10274,"v1"],[6.78081,"n",97,127,0.10274,"v1"],[6.98629,"n",100,127,0.10274,"v1"],[7.39724,"n",98,127,0.10274,"v1"],[7.60272,"n",102,127,0.10274,"v1"],[7.8082,"n",105,127,0.10274,"v1"],[8.01368,"n",105,127,0.10274,"v1"],[8.21916,"n",104,127,0.10274,"v1"],[8.42464,"n",100,127,0.10274,"v1"],[8.63012,"n",102,127,0.10274,"v1"],[8.8356,"n",104,127,0.10274,"v1"],[9.04108,"n",105,127,0.10274,"v1"],[9.24655,"n",105,127,0.10274,"v1"],[9.45203,"n",105,127,0.10274,"v1"],[9.86299,"n",93,127,0.20548,"v1"],[10.06847,"n",97,127,0.20548,"v1"],[10.27395,"n",100,127,0.30822,"v1"],[10.58217,"n",100,127,0.10274,"v1"],[10.68491,"n",98,127,0.20548,"v1"],[10.89039,"n",102,127,0.20548,"v1"],[11.09587,"n",105,127,0.30822,"v1"],[11.40408,"n",105,127,0.10274,"v1"],[11.50682,"n",93,127,0.20548,"v1"],[11.7123,"n",97,127,0.20548,"v1"],[11.91778,"n",100,127,0.41096,"v1"],[12.32874,"n",98,127,0.10274,"v1"],[12.43148,"n",97,127,0.10274,"v1"],[12.53422,"n",96,127,0.10274,"v1"],[12.63696,"n",95,127,0.10274,"v1"],[12.7397,"n",95,127,0.30822,"v1"],[13.04792,"n",92,127,0.10274,"v1"],[13.15066,"n",93,127,0.20548,"v1"],[13.35614,"n",97,127,0.20548,"v1"],[13.56161,"n",100,127,0.30822,"v1"],[13.86983,"n",100,127,0.10274,"v1"],[13.97257,"n",98,127,0.20548,"v1"],[14.17805,"n",102,127,0.20548,"v1"],[14.38353,"n",105,127,0.30822,"v1"],[14.69175,"n",105,127,0.10274,"v1"],[14.79449,"n",104,127,0.20548,"v1"],[14.99997,"n",100,127,0.10274,"v1"],[15.10271,"n",100,127,0.10274,"v1"],[15.20545,"n",102,127,0.20548,"v1"],[15.41092,"n",102,127,0.10274,"v1"],[15.51366,"n",104,127,0.10274,"v1"],[15.6164,"n",105,127,0.20548,"v1"],[15.82188,"n",105,127,0.20548,"v1"],[16.02736,"n",105,127,0.41096,"v1"]],[[0.0,"ls",44],[0.0,"br",12],[0.0,"p",-32],[0.0,"v",39],[1.64383,"n",64,127,0.10274,"v2"],[2.05479,"n",64,127,0.10274,"v2"],[2.46575,"n",64,127,0.10274,"v2"],[3.49314,"n",69,127,0.10274,"v2"],[3.69862,"n",69,127,0.10274,"v2"],[4.31506,"n",69,127,0.10274,"v2"],[4.52054,"n",69,127,0.10274,"v2"],[5.13698,"n",69,127,0.10274,"v2"],[5.34245,"n",69,127,0.10274,"v2"],[5.95889,"n",68,127,0.10274,"v2"],[6.16437,"n",68,127,0.10274,"v2"],[6.78081,"n",69,127,0.10274,"v2"],[6.98629,"n",69,127,0.10274,"v2"],[7.60272,"n",69,127,0.10274,"v2"],[7.8082,"n",69,127,0.10274,"v2"],[8.42464,"n",71,127,0.10274,"v3"],[8.8356,"n",68,127,0.10274,"v2"],[9.24655,"n",69,127,0.10274,"v2"],[9.45203,"n",69,127,0.10274,"v2"],[9.86299,"n",85,96,0.05137,"v3"],[10.06847,"n",81,96,0.05137,"v3"],[10.27395,"n",81,96,0.05137,"v3"],[10.68491,"n",90,96,0.05137,"v3"],[10.89039,"n",81,96,0.05137,"v3"],[11.09587,"n",81,96,0.05137,"v3"],[11.50682,"n",88,96,0.05137,"v3"],[11.7123,"n",81,96,0.05137,"v3"],[11.91778,"n",81,96,0.05137,"v3"],[12.32874,"n",83,96,0.05137,"v3"],[12.53422,"n",80,96,0.05137,"v3"],[12.7397,"n",80,96,0.05137,"v3"],[13.15066,"n",85,96,0.05137,"v3"],[13.35614,"n",81,96,0.05137,"v3"],[13.56161,"n",81,96,0.05137,"v3"],[13.97257,"n",90,96,0.05137,"v3"],[14.17805,"n",81,96,0.05137,"v3"],[14.38353,"n",81,96,0.05137,"v3"],[14.58901,"n",88,96,0.05137,"v3"],[14.79449,"n",86,96,0.05137,"v3"],[14.99997,"n",83,96,0.05137,"v3"],[15.20545,"n",81,96,0.05137,"v3"],[15.41092,"n",80,96,0.05137,"v3"],[15.82188,"n",81,96,0.05137,"v3"],[16.02736,"n",81,96,0.05137,"v3"]],[[0.0,"br",12],[0.0,"ls",44],[0.0,"br",12],[0.0,"ls",44],[0.0,"v",68],[0.0,"p",0],[0.0,"n",40,120,0.10274,"v4"],[0.41096,"n",40,120,0.10274,"v4"],[0.82192,"n",40,120,0.10274,"v4"],[1.23287,"n",40,120,0.10274,"v4"],[1.64383,"n",40,120,0.41096,"v4"],[2.05479,"n",40,56,0.05137,"v4"],[2.10616,"n",44,56,0.05137,"v4"],[2.15753,"n",47,56,0.05137,"v4"],[2.2089,"n",50,56,0.05137,"v4"],[2.26027,"n",52,56,0.05137,"v4"],[2.31164,"n",56,56,0.05137,"v4"],[2.36301,"n",59,56,0.05137,"v4"],[2.41438,"n",63,56,0.05137,"v4"],[2.46575,"n",64,84,0.41096,"v4"],[2.87671,"n",63,60,0.05137,"v4"],[2.92808,"n",59,60,0.05137,"v4"],[2.97945,"n",56,60,0.05137,"v4"],[3.03082,"n",52,60,0.05137,"v4"],[3.08219,"n",50,60,0.05137,"v4"],[3.13355,"n",47,60,0.05137,"v4"],[3.18492,"n",44,60,0.05137,"v4"],[3.23629,"n",42,60,0.05137,"v4"],[3.28766,"n",45,120,0.20548,"v4"],[4.10958,"n",40,120,0.20548,"v4"],[4.72602,"n",40,120,0.20548,"v4"],[4.9315,"n",45,120,0.20548,"v4"],[6.16437,"n",44,120,0.41096,"v4"],[6.57533,"n",45,120,0.20548,"v4"],[7.39724,"n",50,120,0.20548,"v4"],[7.8082,"n",45,120,0.10274,"v4"],[8.01368,"n",43,120,0.20548,"v4"],[8.21916,"n",44,120,0.20548,"v4"],[8.42464,"n",40,120,0.10274,"v4"],[8.63012,"n",42,120,0.10274,"v4"],[8.8356,"n",44,120,0.10274,"v4"],[9.04108,"n",45,120,0.10274,"v4"],[9.24655,"n",57,120,0.10274,"v4"],[9.45203,"n",45,120,0.10274,"v4"],[9.65751,"n",47,120,0.20548,"v4"],[9.86299,"n",49,120,0.10274,"v4"],[10.06847,"n",45,120,0.10274,"v4"],[10.47943,"n",45,120,0.10274,"v4"],[10.68491,"n",57,120,0.10274,"v4"],[10.89039,"n",40,120,0.20548,"v4"],[11.09587,"n",44,120,0.10274,"v4"],[11.30134,"n",45,120,0.10274,"v4"],[11.50682,"n",49,120,0.10274,"v4"],[11.7123,"n",45,120,0.10274,"v4"],[12.12326,"n",45,120,0.10274,"v4"],[12.53422,"n",40,120,0.10274,"v4"],[12.94518,"n",40,120,0.10274,"v4"],[13.35614,"n",49,120,0.20548,"v4"],[13.76709,"n",45,120,0.20548,"v4"],[14.17805,"n",54,120,0.20548,"v4"],[14.58901,"n",45,120,0.20548,"v4"],[14.99997,"n",52,120,0.20548,"v4"],[15.41092,"n",44,120,0.20548,"v4"],[15.6164,"n",49,120,0.20548,"v4"],[16.02736,"n",45,120,0.20548,"v4"]],[[0.0,"ls",44],