{"name":"mus_rg_encounter_rocket","title":"FRLG Encounter Rocket","reverb":50,"loopStart":2.05479,"loopEnd":8.63012,"tracks":[[[0.0,"p",0],[0.0,"v",47],[0.41096,"n",56,88,0.20548,"v0"],[0.61644,"n",55,88,0.20548,"v0"],[0.82192,"v",23],[0.82192,"n",56,88,0.41096,"v0"],[0.87329,"v",28],[0.92466,"m",7],[0.92466,"v",36],[0.97603,"v",41],[1.0274,"v",48],[1.07876,"v",56],[1.13013,"v",60],[1.23287,"p",-64],[1.23287,"m",0],[1.23287,"v",47],[1.23287,"n",52,88,0.10274,"v0"],[1.64383,"n",52,88,0.10274,"v0"],[2.05479,"n",52,88,0.10274,"v0"],[2.46575,"v",23],[2.46575,"n",52,88,0.41096,"v0"],[2.51712,"v",28],[2.56849,"m",8],[2.56849,"v",36],[2.61986,"v",41],[2.67123,"v",48],[2.7226,"v",56],[2.77397,"v",60],[2.87671,"m",0],[2.87671,"v",47],[2.87671,"n",52,88,0.10274,"v0"],[3.28766,"n",52,88,0.10274,"v0"],[3.69862,"n",52,88,0.10274,"v0"],[4.10958,"v",23],[4.10958,"n",52,88,0.41096,"v0"],[4.16095,"v",28],[4.21232,"m",8],[4.21232,"v",36],[4.26369,"v",41],[4.31506,"v",48],[4.36643,"v",56],[4.4178,"v",60],[4.52054,"m",0],[4.52054,"v",47],[4.52054,"n",52,88,0.10274,"v0"],[4.9315,"n",52,88,0.10274,"v0"],[5.34245,"n",52,88,0.10274,"v0"],[5.75341,"v",23],[5.75341,"n",52,88,0.41096,"v0"],[5.80478,"v",28],[5.85615,"m",8],[5.85615,"v",36],[5.90752,"v",41],[5.95889,"v",48],[6.01026,"v",56],[6.06163,"v",60],[6.16437,"m",0],[6.16437,"v",47],[6.16437,"n",52,88,0.10274,"v0"],[6.57533,"n",52,88,0.10274,"v0"],[6.98629,"n",52,88,0.10274,"v0"],[7.39724,"v",23],[7.39724,"n",52,88,0.41096,"v0"],[7.44861,"v",28],[7.49998,"m",8],[7.49998,"v",36],[7.55135,"v",41],[7.60272,"v",48],[7.65409,"v",56],[7.70546,"v",60],[7.8082,"m",0],[7.8082,"v",47],[7.8082,"n",52,88,0.10274,"v0"],[8.21916,"n",52,88,0.10274,"v0"]],[[0.0,"ls",44],[0.0,"br",12],[0.0,"p",0],[0.0,"v",95],[0.0,"b",0],[0.0,"n",61,120,0.20548,"v1"],[0.20548,"n",60,120,0.20548,"v1"],[0.41096,"n",61,120,0.82192,"v1"],[0.61644,"m",7],[0.82192,"v",84],[1.0274,"v",72],[1.13013,"m",12],[1.23287,"m",0],[1.23287,"v",96],[1.23287,"n",65,120,0.20548,"v1"],[1.43835,"n",64,120,0.20548,"v1"],[1.64383,"n",63,120,0.20548,"v1"],[1.84931,"n",62,120,0.20548,"v1"],[2.05479,"n",61,120,0.05137,"v1"],[2.46575,"v",48],[2.46575,"n",61,120,0.41096,"v1"],[2.56849,"m",8],[2.56849,"v",52],[2.61986,"v",60],[2.67123,"v",72],[2.7226,"v",84],[2.7226,"m",12],[2.77397,"v",96],[2.87671,"m",0],[2.87671,"n",61,120,0.10274,"v1"],[3.28766,"n",61,120,0.10274,"v1"],[3.69862,"n",61,120,0.10274,"v1"],[4.10958,"v",48],[4.10958,"n",60,120,0.41096,"v1"],[4.21232,"m",8],[4.21232,"v",52],[4.26369,"v",60],[4.31506,"v",72],[4.36643,"v",84],[4.4178,"v",96],[4.4178,"m",12],[4.52054,"m",0],[4.52054,"n",57,120,0.20548,"v1"],[4.72602,"n",58,120,0.20548,"v1"],[4.9315,"n",59,120,0.20548,"v1"],[5.13698,"n",60,120,0.20548,"v1"],[5.34245,"n",61,120,0.05137,"v1"],[5.75341,"v",48],[5.75341,"n",61,120,0.41096,"v1"],[5.85615,"m",8],[5.85615,"v",52],[5.90752,"v",60],[5.95889,"v",72],[6.01026,"v",84],[6.06163,"v",96],[6.06163,"m",12],[6.16437,"m",0],[6.16437,"n",61,120,0.10274,"v1"],[6.57533,"n",61,120,0.10274,"v1"],[6.98629,"n",61,120,0.10274,"v1"],[7.39724,"v",48],[7.39724,"n",60,120,0.41096,"v1"],[7.49998,"m",8],[7.49998,"v",52],[7.55135,"v",60],[7.60272,"v",72],[7.65409,"v",84],[7.70546,"v",96],[7.70546,"m",12],[7.8082,"m",0],[7.8082,"n",65,120,0.20548,"v1"],[8.01368,"n",64,120,0.20548,"v1"],[8.21916,"n",63,120,0.20548,"v1"],[8.42464,"n",62,120,0.20548,"v1"]],[[0.0,"ls",44],[0.0,"br",12],[0.0,"p",24],[0.0,"v",47],[0.82192,"n",85,124,0.20548,"v2"],[1.0274,"n",84,124,0.20548,"v2"],[1.23287,"n",85,124,0.41096,"v2"],[1.33561,"m",7],[1.43835,"v",30],[1.54109,"v",21],[1.59246,"v",12],[1.64383,"m",0],[1.64383,"v",48],[1.64383,"p",32],[1.64383,"n",80,127,0.10274,"v2"],[2.05479,"n",80,127,0.10274,"v2"],[2.46575,"v",23],[2.46575,"n",84,120,0.41096,"v2"],[2.56849,"m",8],[2.56849,"v",30],[2.61986,"v",36],[2.67123,"v",40],[2.7226,"v",48],[2.77397,"v",60],[2.87671,"m",0],[2.87671,"v",42],[2.87671,"n",80,127,0.10274,"v2"],[2.92808,"v",48],[3.28766,"n",80,127,0.10274,"v2"],[3.69862,"n",80,127,0.10274,"v2"],[4.10958,"v",23],[4.10958,"n",84,127,0.41096,"v2"],[4.21232,"m",8],[4.21232,"v",30],[4.26369,"v",36],[4.31506,"v",40],[4.36643,"v",48],[4.4178,"v",60],[4.52054,"m",0],[4.52054,"v",48],[4.52054,"n",80,120,0.10274,"v2"],[4.9315,"n",80,127,0.10274,"v2"],[5.34245,"n",80,127,0.10274,"v2"],[5.75341,"v",23],[5.75341,"n",84,127,0.41096,"v2"],[5.85615,"m",8],[5.85615,"v",30],[5.90752,"v",36],[5.95889,"v",40],[6.01026,"v",48],[6.06163,"v",60],[6.16437,"m",0],[6.16437,"v",48],[6.16437,"n",80,127,0.10274,"v2"],[6.57533,"n",80,127,0.10274,"v2"],[6.98629,"n",80,127,0.10274,"v2"],[7.39724,"v",23],[7.39724,"n",84,127,0.41096,"v2"],[7.49998,"m",8],[7.49998,"v",30],[7.55135,"v",36],[7.60272,"v",40],[7.65409,"v",48],[7.70546,"v",60],[7.8082,"m",0],[7.8082,"v",48],[7.8082,"n",80,127,0.10274,"v2"],[8.21916,"n",80,127,0.10274,"v2"]],[[0.0,"br",12],[0.0,"ls",44],[0.0,"p",0],[0.0,"v",48],[0.0,"b",0],[0.0,"n",49,120,0.20548,"v3"],[0.20548,"n",43,120,0.20548,"v3"],[0.41096,"n",37,120,0.61644,"v3"],[0.5137,"b",10],[0.61644,"b",0],[1.23287,"n",37,120,0.10274,"v3"],[1.64383,"n",37,120,0.10274,"v3"],[2.05479,"n",37,120,0.10274,"v3"],[2.46575,"n",49,120,0.41096,"v3"],[2.67123,"v",60],[2.77397,"v",72],[2.87671,"v",48],[2.87671,"n",44,120,0.10274,"v3"],[3.28766,"n",38,120,0.41096,"v3"],[3.69862,"n",37,120,0.10274,"v3"],[4.10958,"n",48,120,0.41096,"v3"],[4.31506,"v",60],[4.4178,"v",72],[4.52054,"v",48],[4.52054,"n",37,120,0.10274,"v3"],[4.9315,"n",37,120,0.10274,"v3"],[5.34245,"n",49,120,0.10274,"v3"],[5.54793,"n",44,120,0.10274,"v3"],[5.75341,"n",37,120,0.20548,"v3"],[5.95889,"n",38,120,0.10274,"v3"],[6.16437,"n",44,120,0.10274,"v3"],[6.57533,"n",49,120,0.41096,"v3"],[6.78081,"v",60],[6.88355,"v",72],[6.98629,"v",48],[6.98629,"n",37,120,0.10274,"v3"],[7.39724,"n",48,120,0.41096,"v3"],[7.60272,"v",60],[7.70546,"v",72],[7.8082,"v",48],[7.8082,"n",37,120,0.10274,"v3"],[8.21916,"n",37,120,0.10274,"v3"]],[[0.0,"ls",44],[0.0,"br",12],[0.0,"v",95],[0.0,"p",0],[0.0,"n",61,84,0.20548,"v4"],[0.20548,"n",60,84,0.20548,"v4"],[0.41096,"n",61,84,0.82192,"v4"],[0.61644,"m",9],[0.82192,"v",84],[1.0274,"v",72],[1.23287,"v",96],[1.23287,"m",0],[1.23287,"n",77,84,0.20548,"v4"],[1.43835,"n",76,84,0.20548,"v4"],[1.64383,"n",75,84,0.20548,"v4"],[1.84931,"n",74,84,0.20548,"v4"],[2.05479,"n",73,84,0.05137,"v4"],[2.46575,"v",48],[2.46575,"n",73,84,0.41096,"v4"],[2.56849,"v",52],[2.56849,"m",10],[2.61986,"v",60],[2.67123,"v",72],[2.7226,"v",84],[2.77397,"v",96],[2.87671,"m",0],[2.87671,"n",73,84,0.10274,"v4"],[3.28766,"n",73,84,0.10274,"v4"],[3.69862,"n",73,84,0.10274,"v4"],[4.10958,"v",48],[4.21232,"v",52],[4.21232,"m",10],[4.26369,"v",60],[4.31506,"v",72],[4.36643,"v",84],[4.4178,"v",96],[4.52054,"m",0],[4.52054,"n",69,84,0.20548,"v4"],[4.72602,"n",70,84,0.20548,"v4"],[4.9315,"n",71,84,0.20548,"v4"],[5.13698,"n",72,84,0.20548,"v4"],[5.34245,"n",73,84,0.05137,"v4"],[5.75341,"v",48],[5.75341,"n",73,84,0.41096,"v4"],[5.85615,"v",52],[5.85615,"m",10],[5.90752,"v",60],[5.95889,"v",72],[6.01026,"v",84],[6.06163,"v",96],[6.16437,"m",0],[6.16437,"n",73,84,0.10274,"v4"],[6.57533,"n",73,84,0.10274,"v4"],[6.98629,"n",73,84,0.10274,"v4"],[7.39724,"v",48],[7.49998,"v",52],[7.49998,"m",10],[7.55135,"v",60],[7.60272,"v",72],[7.65409,"v",84],[7.70546,"v",96],[7.8082,"m",0],[7.8082,"n",77,84,0.20548,"v4"],[8.01368,"n",76,84,0.20548,"v4"],[8.21916,"n",75,84,0.20548,"v4"],[8.42464,"n",74,84,0.20548,"v4"]],[[0.0,"ls",44],[0.0,"ev",18],[0.0,"ev",16],[0.0,"br",12],[0.0,"p",-64],[0.0,"v",36],[0.0,"b",2],[0.0,"n",61,127,0.20548,"v5"],[0.20548,"n",60,127,0.20548,"v5"],[0.41096,"n",61,127,0.82192,"v5"],[0.61644,"m",9],[1.23287,"m",0],[1.23287,"n",65,127,0.20548,"v5"],[1.43835,"n",64,127,0.20548,"v5"],[1.64383,"n",63,127,0.20548,"v5"],[1.84931,"n",62,127,0.20548,"v5"],[2.05479,"n",61,127,0.05137,"v5"],[2.46575,"n",61,127,0.41096,"v5"],[2.56849,"m",8],[2.87671,"m",0],[2.87671,"n",61,127,0.10274,"v5"],[3.28766,"n",61,127,0.10274,"v5"],[3.69862,"n",61,127,0.10274,"v5"],[4.10958,"n",60,127,