{"name":"mus_rg_heal","title":"FRLG Heal","reverb":50,"loopStart":null,"loopEnd":null,"tracks":[[[0.0,"n",83,64,0.41096,"v0"],[0.41096,"n",83,64,0.41096,"v0"],[0.82192,"n",83,64,0.20548,"v0"],[1.0274,"n",80,64,0.20548,"v0"],[1.23287,"n",88,64,0.82192,"v0"]],[[0.0,"n",52,92,0.20548,"v1"],[0.41096,"n",52,92,0.20548,"v1"],[0.82192,"n",52,92,0.20548,"v1"],[1.0274,"n",56,92,0.20548,"v1"],[1.23287,"n",52,92,0.61644,"v1"]]],"voices":{"v0":{"t":"sq","duty":2,"base":60,"sweep":0,"adsr":[0,2,3,1],"prog":2},"v1":{"t":"wave","pattern":[0,4,8,12,12,10,8,6,15,15,14,13,4,3,2,1,0,4,8,12,12,10,8,6,15,15,14,13,4,3,2,1],"base":60,"adsr":[0,7,15,0],"prog":3}}}