{"name":"mus_contest_winner","title":"Contest Winner","reverb":50,"loopStart":6.68918,"loopEnd":13.17566,"tracks":[[[0.0,"ls",44],[0.0,"br",12],[0.0,"p",63],[0.0,"v",79],[6.68918,"n",91,76,0.03378,"v0"],[6.82432,"n",91,36,0.03378,"v0"],[6.95945,"n",91,48,0.03378,"v0"],[7.09459,"n",91,76,0.03378,"v0"],[7.22972,"n",91,36,0.03378,"v0"],[7.36486,"n",91,48,0.03378,"v0"],[7.49999,"n",91,76,0.03378,"v0"],[7.63513,"n",91,36,0.03378,"v0"],[7.77026,"n",91,48,0.03378,"v0"],[7.9054,"n",91,76,0.03378,"v0"],[8.04053,"n",91,36,0.03378,"v0"],[8.17567,"n",91,48,0.03378,"v0"],[8.3108,"n",91,76,0.03378,"v0"],[8.44594,"n",91,36,0.03378,"v0"],[8.58107,"n",91,48,0.03378,"v0"],[8.71621,"n",91,76,0.03378,"v0"],[8.85134,"n",91,36,0.03378,"v0"],[8.98648,"n",91,48,0.03378,"v0"],[9.12161,"n",91,76,0.03378,"v0"],[9.25675,"n",91,36,0.03378,"v0"],[9.39188,"n",91,48,0.03378,"v0"],[9.52702,"n",91,76,0.03378,"v0"],[9.66215,"n",91,36,0.03378,"v0"],[9.79729,"n",91,48,0.03378,"v0"],[9.93242,"n",91,76,0.03378,"v0"],[10.06756,"n",91,36,0.03378,"v0"],[10.20269,"n",91,48,0.03378,"v0"],[10.33783,"n",91,76,0.03378,"v0"],[10.47296,"n",91,36,0.03378,"v0"],[10.6081,"n",91,48,0.03378,"v0"],[10.74323,"n",91,76,0.03378,"v0"],[10.87837,"n",91,36,0.03378,"v0"],[11.0135,"n",91,48,0.03378,"v0"],[11.14864,"n",91,76,0.03378,"v0"],[11.28377,"n",91,36,0.03378,"v0"],[11.41891,"n",91,48,0.03378,"v0"],[11.55404,"n",91,76,0.03378,"v0"],[11.68918,"n",91,36,0.03378,"v0"],[11.82431,"n",91,48,0.03378,"v0"],[11.95945,"n",91,76,0.03378,"v0"],[12.09458,"n",91,36,0.03378,"v0"],[12.22972,"n",91,48,0.03378,"v0"],[12.36485,"n",91,76,0.03378,"v0"],[12.49999,"n",91,36,0.03378,"v0"],[12.63512,"n",91,48,0.03378,"v0"],[12.77026,"n",91,76,0.03378,"v0"],[12.90539,"n",91,36,0.03378,"v0"],[13.04053,"n",91,56,0.03378,"v0"]],[[0.0,"ls",44],[0.0,"br",12],[0.0,"p",-1],[0.0,"v",100],[0.2027,"n",65,88,0.10135,"v1"],[0.40541,"n",60,88,0.10135,"v1"],[0.50676,"n",65,88,0.10135,"v1"],[0.60811,"n",69,88,0.10135,"v2"],[0.81081,"n",65,88,0.10135,"v1"],[0.91216,"n",69,88,0.10135,"v2"],[1.01351,"n",72,88,0.10135,"v2"],[1.21622,"n",69,88,0.10135,"v2"],[1.31757,"n",72,88,0.10135,"v2"],[1.41892,"n",77,88,0.06757,"v2"],[1.55405,"n",72,88,0.06757,"v2"],[1.68919,"n",69,88,0.06757,"v2"],[1.82432,"n",66,88,0.10135,"v1"],[2.02703,"n",61,88,0.10135,"v1"],[2.12838,"n",66,88,0.10135,"v1"],[2.22973,"n",70,88,0.10135,"v2"],[2.43243,"n",66,88,0.10135,"v1"],[2.53378,"n",70,88,0.10135,"v2"],[2.63513,"n",73,88,0.10135,"v2"],[2.83784,"n",70,88,0.10135,"v2"],[2.93919,"n",73,88,0.10135,"v2"],[3.04054,"n",78,88,0.06757,"v2"],[3.17567,"n",73,88,0.06757,"v2"],[3.31081,"n",70,88,0.06757,"v2"],[3.44594,"n",67,88,0.06757,"v2"],[3.58108,"n",74,88,0.06757,"v2"],[3.71621,"n",79,88,0.06757,"v2"],[3.85135,"n",71,88,0.06757,"v2"],[3.98648,"n",71,88,0.06757,"v2"],[4.12162,"n",71,88,0.06757,"v2"],[4.25675,"n",79,88,0.06757,"v2"],[4.39189,"n",71,88,0.06757,"v2"],[4.52702,"n",79,88,0.06757,"v2"],[4.66216,"n",79,88,0.06757,"v2"],[4.79729,"n",78,88,0.06757,"v2"],[4.93243,"n",79,88,0.06757,"v2"],[5.06756,"n",81,88,0.40541,"v2"],[5.67567,"n",81,88,0.05068,"v2"],[5.77702,"n",81,88,0.05068,"v2"],[5.87837,"n",81,88,0.05068,"v2"],[6.08107,"n",81,88,0.15203,"v2"],[6.28378,"n",81,88,0.06757,"v2"],[6.41891,"n",79,88,0.06757,"v2"],[6.55405,"n",76,88,0.06757,"v2"],[6.68918,"p",16],[6.68918,"v",94],[6.68918,"n",78,52,0.06757,"v3"],[6.82432,"n",79,52,0.06757,"v3"],[6.95945,"n",80,52,0.06757,"v3"],[7.09459,"n",81,52,0.06757,"v3"],[7.49999,"n",90,40,0.06757,"v4"],[7.63513,"n",91,40,0.06757,"v4"],[7.77026,"n",92,40,0.06757,"v4"],[7.9054,"n",93,40,0.06757,"v4"],[8.04053,"n",98,40,0.06757,"v4"],[8.17567,"n",90,40,0.06757,"v4"],[8.3108,"n",93,32,0.60811,"v4"],[8.51351,"m",5],[8.51351,"v",94],[8.58107,"v",88],[8.64864,"v",81],[8.71621,"v",77],[8.78378,"v",74],[8.85134,"v",94],[8.91891,"m",0],[8.91891,"n",95,32,0.06757,"v4"],[8.98648,"n",93,32,0.13514,"v4"],[9.12161,"n",91,32,0.81081,"v4"],[9.52702,"m",5],[9.52702,"v",90],[9.59459,"v",88],[9.66215,"v",83],[9.72972,"v",77],[9.79729,"v",74],[9.86486,"v",71],[9.93242,"m",0],[9.93242,"v",94],[9.93242,"n",76,52,0.06757,"v3"],[10.06756,"n",77,52,0.06757,"v3"],[10.20269,"n",78,52,0.06757,"v3"],[10.33783,"n",79,52,0.06757,"v3"],[10.74323,"n",88,40,0.06757,"v4"],[10.87837,"n",90,40,0.06757,"v4"],[11.0135,"n",91,40,0.06757,"v4"],[11.14864,"n",91,40,0.06757,"v4"],[11.28377,"n",90,40,0.06757,"v4"],[11.41891,"n",88,40,0.06757,"v4"],[11.55404,"n",86,40,0.60811,"v4"],[11.75675,"m",5],[11.75675,"v",89],[11.82431,"v",86],[11.89188,"v",83],[11.95945,"v",78],[12.02702,"v",75],[12.09458,"v",74],[12.16215,"m",0],[12.16215,"v",94],[12.16215,"n",85,40,0.06757,"v4"],[12.22972,"n",86,40,0.13514,"v4"],[12.36485,"n",88,40,0.40541,"v4"],[12.77026,"n",96,40,0.27027,"v4"],[13.04053,"n",94,40,0.06757,"v4"]],[[0.0,"ls",44],[0.0,"br",12],[0.0,"p",0],[0.0,"v",100],[0.0,"n",48,64,0.06757,"v5"],[0.06757,"n",48,64,0.06757,"v5"],[0.13514,"n",48,64,0.06757,"v5"],[0.2027,"n",41,64,0.40541,"v5"],[0.81081,"n",48,32,0.05068,"v5"],[0.91216,"n",48,48,0.05068,"v5"],[1.01351,"n",48,48,0.10135,"v5"],[1.21622,"n",48,60,0.10135,"v5"],[1.41892,"n",48,64,0.06757,"v5"],[1.55405,"n",53,52,0.06757,"v5"],[1.68919,"n",48,64,0.06757,"v5"],[1.82432,"n",42,64,0.40541,"v5"],[2.43243,"n",49,32,0.05068,"v5"],[2.53378,"n",49,48,0.05068,"v5"],[2.63513,"n",49,48,0.10135,"v5"],[2.83784,"n",49,60,0.10135,"v5"],[3.04054,"n",49,64,0.06757,"v5"],[3.17567,"n",54,52,0.06757,"v5"],[3.31081,"n",49,64,0.06757,"v5"],[3.44594,"n",55,64,0.10135,"v5"],[3.64865,"n",50,64,0.10135,"v5"],[3.85135,"n",55,64,0.10135,"v5"],[4.05405,"n",50,64,0.10135,"v5"],[4.25675,"n",55,64,0.10135,"v5"],[4.45946,"n",50,64,0.10135,"v5"],[4.66216,"n",55,64,0.06757,"v5"],[4.79729,"n",50,64,0.06757,"v5"],[4.93243,"n",55,64,0.06757,"v5"],[5.0,"n",57,64,0.06757,"v5"],[5.06756,"n",45,64,0.33784,"v5"],[5.87837,"n",52,64,0.06757,"v5"],[6.08107,"n",45,64,0.13514,"v5"],[6.28378,"n",57,64,0.06757,"v5"],[6.41891,"n",52,64,0.06757,"v5"],[6.55405,"n",45,64,0.06757,"v5"]],[[0.0,"ls",44],[0.0,"ev",18],[0.0,"ev",16],[0.0,"br",12],[0.0,"v",100],[0.0,"p",63],[0.0,"n",77,40,0.03378,"v6"],[0.06757,"n",77,40,0.03378,"v6"],[0.13514,"n",77,40,0.03378,"v6"],[0.2027,"n",77,40,0.54054,"v6"],[0.40541,"m",5],[0.77703,"m",0],[0.81081,"n",77,40,0.03378,"v6"],[0.91216,"n",77,40,0.03378,"v6"],[1.01351,"n",77,40,0.06757,"v6"],[1.21622,"n",77,40,0.06757,"v6"],[1.41892,"n",77,40,0.06757,"v6"],[1.55405,"n",72,40,0.06757,"v6"],[1.68919,"n",77,40,0.06757,"v6"],[1.82432,"n",78,40,0.54054,"v6"],[2.06081,"m",5],[2.43243,"m",0],[2.43243,"n",78,40,0.03378,"v6"],[2.53378,"n",78,40,0.03378,"v6"],[2.66892,"n",78,40,0.06757,"v6"],[2.83784,"n",78,40,0.06757,"v6"],[3.04054,"n",78,40,0.06757,"v6"],[3.17567,"n",73,40,0.06757,"v6"],[3.31081,"n",78,40,0.06757,"v6"],[3.44594,"n",79,40,0.06757,"v6"],[3.58108,"n",74,40,0.06757,"v6"],[3.71621,"n",79,40,0.06757,"v6"],[3.85135,"n",79,40,0.06757,"v6"],[3.98648,"n",79,40,0.06757,"v6"],[4.12162,"n",79,40,0.06757,"v6"],[4.25675,"n",79,40,0.06757,"v6"],[4.39189,"n",71,40,0.06757,"v6"],[4.52702,"n",79,40,0.06757,"v6"],[4.66216,"n",79,40,0.06757,"v6"],[4.79729,"n",78,40,0.06757,"v6"],[4.93243,"n",79,40,0.06757,"v6"],[5.06756,"n",76,40,0.40541,"v6"],[5.27027,"m",5],[5.47297,"m",0],[5.67567,"n",76,40,0.03378,"v6"],[5.77702,"n",76,40,0.03378,"v6"],[5.87837,"n",76,40,0.03378,"v6"],[6.08107,"n",76,40,0.13514,"v6"],[6.28378,"n",76,40,0.06757,"v6"],[6.41891,"n",74,40,0.06757,"v6"],[6.55405,"n",69,40,0.06757,"v6"],[6.68918,"p",-64],[6.68918,"v",69],[6.68918,"n",78,40,0.06757,"v6"],[6.82432,"n",79,40,0.06757,"v6"],[6.95945,"n",80,40,0.06757,"v6"],[7.09459,"n",81,40,0.06757,"v6"],[7.22972,"n",80,40,0.06757,"v6"],[7.36486,"n",79,40,0.06757,"v6"],[7.49999,"p",63],[7.49999,"n",78,40,0.06757,"v6"],[7.63513,"n",79,40,0.06757,"v6"],[7.77026,"n",80,40,0.06757,"v6"],[7.9054,"n",81,40,0.06757,"v6"],[8.04053,"n",80,40,0.06757,"v6"],[8.17567,"n",79,40,0.06757,"v6"],[8.3108,"p",-64],[8.3108,"n",76,40,0.06757,"v6"],[8.44594,"n",78,40,0.06757,"v6"],[8.58107,"n",79,40,0.06757,"v6"],[8.71621,