{"name":"mus_encounter_rich","title":"Encounter Rich","reverb":50,"loopStart":1.40625,"loopEnd":18.28125,"tracks":[[[0.0,"v",14],[0.0,"p",16],[0.0,"n",75,112,0.9375,"v0"],[0.07812,"v",22],[0.15625,"v",34],[0.23438,"v",44],[0.3125,"v",55],[0.39062,"v",64],[0.46875,"v",72],[0.54688,"v",76],[0.625,"v",82],[0.70312,"v",74],[0.9375,"n",73,112,0.15625,"v0"],[1.09375,"n",70,112,0.15625,"v0"],[1.25,"n",63,112,0.15625,"v1"],[1.40625,"n",71,72,0.07812,"v0"],[1.48438,"n",72,80,0.23438,"v0"],[1.71875,"n",72,32,0.15625,"v0"],[1.875,"n",72,80,0.3125,"v0"],[2.1875,"n",80,64,0.15625,"v0"],[2.34375,"n",72,80,0.15625,"v0"],[2.5,"n",72,32,0.15625,"v0"],[2.8125,"n",73,96,0.3125,"v0"],[3.125,"n",73,32,0.15625,"v0"],[3.28125,"n",73,96,0.3125,"v0"],[3.59375,"n",80,64,0.15625,"v0"],[3.75,"n",73,96,0.15625,"v0"],[3.90625,"n",73,32,0.15625,"v0"],[4.21875,"n",74,112,0.3125,"v0"],[4.53125,"n",74,32,0.15625,"v0"],[4.6875,"n",74,112,0.3125,"v0"],[5.0,"n",80,64,0.15625,"v0"],[5.15625,"n",74,112,0.15625,"v0"],[5.3125,"n",74,32,0.15625,"v0"],[5.625,"v",35],[5.625,"n",75,112,0.78125,"v0"],[5.70312,"v",37],[5.78125,"v",37],[5.85938,"v",42],[5.9375,"v",49],[6.01562,"v",59],[6.09375,"m",4],[6.09375,"v",67],[6.17188,"v",76],[6.25,"v",74],[6.40625,"m",0],[6.40625,"n",80,64,0.15625,"v0"],[6.5625,"n",79,76,0.15625,"v0"],[6.71875,"n",77,64,0.15625,"v0"],[6.875,"n",75,64,0.15625,"v0"],[7.03125,"v",37],[7.03125,"n",77,100,0.78125,"v0"],[7.1875,"v",42],[7.26562,"v",50],[7.34375,"v",58],[7.42188,"v",64],[7.5,"m",5],[7.5,"v",72],[7.57812,"v",79],[7.65625,"v",74],[7.8125,"m",0],[7.8125,"n",79,76,0.15625,"v0"],[7.96875,"n",80,72,0.15625,"v0"],[8.125,"n",80,32,0.15625,"v0"],[8.4375,"v",44],[8.4375,"n",75,96,0.46875,"v0"],[8.51562,"v",52],[8.59375,"v",64],[8.67188,"v",73],[8.75,"v",75],[8.90625,"n",79,84,0.46875,"v0"],[9.375,"n",80,84,0.15625,"v0"],[9.53125,"n",80,32,0.15625,"v0"],[9.84375,"v",37],[9.84375,"n",75,112,0.78125,"v0"],[9.92188,"v",42],[10.0,"v",50],[10.07812,"v",55],[10.15625,"v",63],[10.23438,"v",72],[10.3125,"m",4],[10.3125,"v",75],[10.625,"m",0],[10.625,"n",77,68,0.15625,"v0"],[10.78125,"n",75,72,0.15625,"v0"],[10.9375,"n",74,72,0.15625,"v0"],[11.09375,"n",73,64,0.15625,"v0"],[11.25,"v",70],[11.25,"n",72,96,0.78125,"v0"],[11.32812,"v",76],[11.40625,"v",82],[11.48438,"v",84],[11.71875,"m",4],[11.71875,"v",79],[11.79688,"v",71],[11.875,"v",61],[11.95312,"v",55],[12.03125,"v",75],[12.03125,"n",72,32,0.15625,"v0"],[12.1875,"m",0],[12.1875,"n",77,72,0.3125,"v0"],[12.5,"n",77,32,0.15625,"v0"],[12.65625,"v",47],[12.65625,"n",75,112,0.9375,"v0"],[12.73438,"v",49],[12.8125,"v",50],[12.89062,"v",52],[12.96875,"v",56],[13.04688,"v",62],[13.125,"m",4],[13.125,"v",68],[13.20312,"v",75],[13.28125,"v",85],[13.35938,"v",88],[13.4375,"v",75],[13.59375,"m",0],[13.59375,"n",73,96,0.15625,"v0"],[13.75,"n",73,32,0.15625,"v0"],[13.90625,"n",72,88,0.15625,"v0"],[14.0625,"v",37],[14.0625,"n",68,84,0.9375,"v1"],[14.14062,"v",42],[14.21875,"v",44],[14.29688,"v",46],[14.375,"v",49],[14.45312,"v",50],[14.53125,"m",4],[14.53125,"v",56],[14.60938,"v",61],[14.6875,"v",66],[14.76562,"v",76],[14.84375,"v",75],[15.0,"m",0],[15.0,"n",65,84,0.15625,"v1"],[15.15625,"n",65,32,0.15625,"v1"],[15.3125,"n",68,84,0.15625,"v1"],[15.46875,"v",42],[15.46875,"n",72,112,0.9375,"v0"],[15.625,"v",47],[15.70312,"v",52],[15.78125,"v",56],[15.85938,"v",63],[15.9375,"v",73],[15.9375,"m",4],[16.01562,"v",78],[16.09375,"v",84],[16.17188,"v",75],[16.40625,"m",0],[16.40625,"n",73,80,0.15625,"v0"],[16.5625,"n",73,32,0.15625,"v0"],[16.71875,"n",72,84,0.15625,"v0"],[16.875,"v",39],[16.875,"n",70,96,0.9375,"v0"],[16.95312,"v",39],[17.10938,"v",42],[17.1875,"v",44],[17.26562,"v",50],[17.34375,"v",55],[17.34375,"m",4],[17.42188,"v",62],[17.5,"v",68],[17.57812,"v",78],[17.65625,"v",74],[17.8125,"m",0],[17.8125,"n",70,32,0.15625,"v0"]],[[0.0,"v",14],[0.0,"p",32],[0.0,"n",82,64,0.9375,"v2"],[0.07812,"v",22],[0.15625,"v",33],[0.23438,"v",40],[0.3125,"v",52],[0.39062,"v",70],[0.46875,"v",79],[0.54688,"v",71],[0.9375,"n",79,64,0.15625,"v2"],[1.09375,"n",75,64,0.15625,"v2"],[1.25,"n",73,64,0.15625,"v2"],[1.40625,"n",80,64,0.07812,"v2"],[1.5625,"n",80,64,0.07812,"v2"],[1.71875,"n",80,64,0.07812,"v2"],[1.875,"n",80,64,0.07812,"v2"],[2.03125,"n",75,64,0.07812,"v2"],[2.1875,"n",72,64,0.07812,"v2"],[2.34375,"n",68,64,0.07812,"v2"],[2.5,"n",72,64,0.07812,"v2"],[2.65625,"n",75,64,0.07812,"v2"],[2.8125,"n",82,64,0.07812,"v2"],[2.96875,"n",82,64,0.07812,"v2"],[3.125,"n",82,64,0.07812,"v2"],[3.28125,"n",82,64,0.07812,"v2"],[3.4375,"n",79,64,0.07812,"v2"],[3.59375,"n",75,64,0.07812,"v2"],[3.75,"n",70,64,0.07812,"v2"],[3.90625,"n",75,64,0.07812,"v2"],[4.0625,"n",79,64,0.07812,"v2"],[4.21875,"n",83,64,0.07812,"v2"],[4.375,"n",83,64,0.07812,"v2"],[4.53125,"n",83,64,0.07812,"v2"],[4.6875,"n",83,64,0.07812,"v2"],[4.84375,"n",80,64,0.07812,"v2"],[5.0,"n",75,64,0.07812,"v2"],[5.15625,"n",71,64,0.07812,"v2"],[5.3125,"n",75,64,0.07812,"v2"],[5.46875,"n",80,64,0.07812,"v2"],[5.625,"n",84,64,0.07812,"v2"],[5.78125,"n",84,64,0.07812,"v2"],[5.9375,"n",84,64,0.07812,"v2"],[6.09375,"n",84,64,0.07812,"v2"],[6.25,"n",80,64,0.07812,"v2"],[6.40625,"n",75,64,0.07812,"v2"],[6.5625,"n",72,64,0.07812,"v2"],[6.71875,"n",75,64,0.07812,"v2"],[6.875,"n",80,64,0.07812,"v2"],[7.03125,"n",85,64,0.07812,"v2"],[7.1875,"n",85,64,0.07812,"v2"],[7.34375,"n",85,64,0.07812,"v2"],[7.5,"n",87,64,0.07812,"v2"],[7.57812,"n",85,64,0.39062,"v2"],[7.96875,"n",85,28,0.15625,"v2"],[8.4375,"n",82,64,0.07812,"v2"],[8.59375,"n",82,64,0.07812,"v2"],[8.75,"n",82,64,0.07812,"v2"],[8.90625,"n",84,64,0.07812,"v2"],[8.98438,"n",82,64,0.39062,"v2"],[9.375,"n",82,28,0.15625,"v2"],[9.84375,"n",82,64,0.07812,"v2"],[10.0,"n",82,64,0.07812,"v2"],[10.15625,"n",82,64,0.07812,"v2"],[10.3125,"n",84,64,0.07812,"v2"],[10.39062,"n",82,64,0.39062,"v2"],[10.78125,"n",82,28,0.15625,"v2"],[11.25,"n",81,64,0.07812,"v2"],[11.40625,"n",84,64,0.07812,"v2"],[11.5625,"n",87,64,0.07812,"v2"],[11.71875,"n",89,64,0.15625,"v2"],[11.875,"n",87,64,0.15625,"v2"],[12.03125,"n",84,64,0.15625,"v2"],[12.1875,"n",81,64,0.15625,"v2"],[12.34375,"n",77,64,0.15625,"v2"],[12.5,"n",72,64,0.15625,"v2"],[12.65625,"v",50],[12.65625,"n",85,64,0.07812,"v2"],[12.73438,"v",56],[12.73438,"n",87,64,0.07812,"v2"],[12.8125,"v",59],[12.8125,"n",85,64,0.07812,"v2"],[12.89062,"v",64],[12.89062,"n",87,64,0.07812,"v2"],[12.96875,"v",66],[12.96875,"n",85,64,0.07812,"v2"],[13.04688,"v",69],[13.04688,"n",87,64,0.07812,"v2"],[13.125,"v",73],[13.125,"n",85,64,0.07812,"v2"],[13.20312,"v",76],[13.20312,"n",87,64,0.07812,"v2"],[13.28125,"v",79],[13.28125,"n",85,64,0.07812,"v2"],[13.35938,"v",81],[13.35938,"n",87,64,0.07812,"v2"],[13.4375,"v",85],[13.4375,"n",85,64,0.07812,"v2"],[13.51562,"v",88],[13.51562,"n",87,64,0.07812,"v2"],[13.59375,"v",71],[13.59375,"n",92,64,0.15625,"v2"],[13.75,"n",92,28,0.15625,"v2"],[13.90625,"n",89,60,0.15625,"v2"],[14.0625,"v",50],[14.0625,"n",80,60,0.07812,"v2"],[14.14062,"v",56],[14.14062,"n",82,60,0.07812,"v2"],[14.21875,"v",59],[14.21875,"n",80,60,0.07812,"v2"],[14.29688,"v",64],[14.29688,"n",82,60,0.07812,"v2"],[14.375,"v",66],[14.375,"n",80,60,0.07812,"v2"],[14.45312,"v",69],[14.45312,"n",82,60,0.07812,"v2"],[14.53125,"v",73],[14.53125,"n",80,60,0.07812,"v2"],[14.60938,"v",76],[14.60938,"n",82,60,0.07812,"v2"],[14.6875,"v",79],[14.6875,"n",80,60,0.07812,"v2"],[14.76562,"v",81],[14.76562,"n",82,60,0.07812,"v2"],[14.84375,"v",85],[14.84375,"n",80,60,0.07812,"v2"],[14.92188,"v",88],[14.92188,"n",82,60,0.07812,"v2"],[15.0,"v",70],[15.0,"n",89,60,0.15625,"v2"],[15.15625,"n",89,28,0.15625,"v2"],[15.3125,"n",85,64,0.15625,"v2"],[15.46875,"n",80,64,0.07812,"v2"],[15.54688,"n",82,64,0.07812,"v2"],[15.625,"n",80,64,0.07812,"v2"],[15.70312,"n",82,64,0.07812,"v2"],[15.78125,"n",80,64,0.07812,"v2"],[15.85938,"n",82,64,0.07812,"v2"],[15.9375,"n",80,64,0.07812,"v2"],[16.01562,"n",82,64,0.07812,"v2"],[16.09375,"n",80,64,0.07812,"v2"],[16.17188,"n",82,64,0.07812,"v2"],[16.25,"n",80,64,0.07812,"v2"],[16.32812,"n",82,64,0.07812,"v2"],[16.40625,"n",80,64,0.07812,