{"name":"mus_level_up","title":"Level Up","reverb":50,"loopStart":null,"loopEnd":null,"tracks":[[[0.0,"ev",8],[0.0,"el",8],[0.0,"v",90],[0.0,"p",48],[0.11494,"n",71,100,0.05747,"v0"],[0.22988,"n",71,100,0.05747,"v0"],[0.34483,"n",71,100,0.05747,"v0"],[0.45977,"n",80,100,0.34483,"v0"],[0.60345,"m",5]],[[0.0,"ev",8],[0.0,"el",8],[0.0,"v",90],[0.11494,"p",-16],[0.11494,"n",76,100,0.05747,"v0"],[0.22988,"p",16],[0.22988,"n",76,100,0.05747,"v0"],[0.34483,"p",-16],[0.34483,"n",76,100,0.05747,"v0"],[0.45977,"p",0],[0.45977,"n",83,100,0.34483,"v0"],[0.60345,"m",5]],[[0.0,"ev",8],[0.0,"el",8],[0.0,"v",90],[0.0,"p",-48],[0.11494,"n",68,68,0.05747,"v0"],[0.22988,"n",68,68,0.05747,"v0"],[0.34483,"n",68,68,0.05747,"v0"],[0.45977,"n",76,68,0.34483,"v0"],[0.60345,"m",5]],[[0.0,"ev",8],[0.0,"el",8],[0.0,"v",90],[0.11494,"n",71,48,0.05747,"v1"],[0.17241,"n",71,20,0.05747,"v1"],[0.22988,"n",71,48,0.05747,"v1"],[0.28736,"n",71,20,0.05747,"v1"],[0.34483,"n",71,48,0.05747,"v1"],[0.4023,"n",71,20,0.05747,"v1"],[0.45977,"n",80,48,0.34483,"v1"],[0.60345,"m",5],[0.64655,"v",71],[0.68965,"v",48],[0.73276,"v",25],[0.77586,"v",10],[0.81896,"v",0]],[[0.0,"ev",8],[0.0,"el",8],[0.0,"v",90],[0.11494,"n",76,48,0.05747,"v2"],[0.17241,"n",76,20,0.05747,"v2"],[0.22988,"n",76,48,0.05747,"v2"],[0.28736,"n",76,20,0.05747,"v2"],[0.34483,"n",76,48,0.05747,"v2"],[0.4023,"n",76,20,0.05747,"v2"],[0.45977,"n",83,48,0.34483,"v2"],[0.60345,"m",5],[0.64655,"v",71],[0.68965,"v",48],[0.73276,"v",25],[0.77586,"v",10],[0.81896,"v",0]]],"voices":{"v0":{"t":"pcm","sample":"DirectSoundWaveData_sc88pro_harp","base":60,"fixed":false,"adsr":[255,242,0,204],"prog":46},"v1":{"t":"sq","duty":2,"base":60,"sweep":0,"adsr":[0,1,4,1],"prog":84},"v2":{"t":"sq","duty":2,"base":60,"sweep":0,"adsr":[0,1,4,1],"prog":85}}}