{"name":"mus_encounter_interviewer","title":"Encounter Interviewer","reverb":50,"loopStart":3.48591,"loopEnd":10.24647,"tracks":[[[0.0,"ls",44],[0.0,"br",12],[0.0,"v",39],[0.0,"p",0],[0.10563,"n",91,112,0.05282,"v0"],[0.3169,"n",91,64,0.05282,"v0"],[0.52817,"n",91,92,0.05282,"v0"],[0.73944,"n",91,60,0.05282,"v0"],[0.9507,"n",91,112,0.05282,"v0"],[1.16197,"n",91,60,0.05282,"v0"],[1.37324,"n",91,92,0.05282,"v0"],[1.58451,"n",91,64,0.05282,"v0"],[1.79577,"n",91,112,0.05282,"v0"],[2.00704,"n",91,64,0.05282,"v0"],[2.21831,"n",91,92,0.05282,"v0"],[2.42958,"n",91,116,0.05282,"v0"],[2.64084,"n",91,112,0.05282,"v0"],[2.85211,"n",91,60,0.05282,"v0"],[3.06338,"n",91,92,0.05282,"v0"],[3.27465,"n",91,64,0.05282,"v0"],[3.48591,"n",91,112,0.05282,"v0"],[3.59155,"n",91,64,0.05282,"v0"],[3.69718,"n",91,80,0.05282,"v0"],[3.80282,"n",91,64,0.05282,"v0"],[3.90845,"n",91,80,0.05282,"v0"],[4.01408,"n",91,112,0.05282,"v0"],[4.11972,"n",91,64,0.05282,"v0"],[4.22535,"n",91,64,0.05282,"v0"],[4.33098,"n",91,112,0.05282,"v0"],[4.3838,"n",91,76,0.05282,"v0"],[4.43662,"n",91,68,0.05282,"v0"],[4.54225,"n",91,112,0.05282,"v0"],[4.64788,"n",91,64,0.05282,"v0"],[4.75352,"n",91,112,0.05282,"v0"],[4.85915,"n",91,64,0.05282,"v0"],[5.17605,"n",91,112,0.05282,"v0"],[5.22887,"n",91,76,0.05282,"v0"],[5.28169,"n",91,68,0.05282,"v0"],[5.38732,"n",91,80,0.05282,"v0"],[5.49295,"n",91,64,0.05282,"v0"],[5.59859,"n",91,80,0.05282,"v0"],[5.70422,"n",91,112,0.05282,"v0"],[5.80986,"n",91,64,0.05282,"v0"],[5.91549,"n",91,64,0.05282,"v0"],[6.02112,"n",91,112,0.05282,"v0"],[6.07394,"n",91,76,0.05282,"v0"],[6.12676,"n",91,68,0.05282,"v0"],[6.23239,"n",91,112,0.05282,"v0"],[6.33802,"n",91,64,0.05282,"v0"],[6.44366,"n",91,112,0.05282,"v0"],[6.54929,"n",91,64,0.05282,"v0"],[6.86619,"n",91,112,0.05282,"v0"],[6.91901,"n",91,76,0.05282,"v0"],[6.97183,"n",91,68,0.05282,"v0"],[7.07746,"n",91,80,0.05282,"v0"],[7.1831,"n",91,64,0.05282,"v0"],[7.5,"n",91,64,0.05282,"v0"],[7.60563,"n",91,112,0.05282,"v0"],[7.71126,"n",91,112,0.05282,"v0"],[7.76408,"n",91,76,0.05282,"v0"],[7.8169,"n",91,68,0.05282,"v0"],[7.92253,"n",91,112,0.05282,"v0"],[8.02816,"n",91,64,0.05282,"v0"],[8.1338,"n",91,112,0.05282,"v0"],[8.23943,"n",91,64,0.05282,"v0"],[8.55633,"n",91,112,0.05282,"v0"],[8.60915,"n",91,76,0.05282,"v0"],[8.66197,"n",91,68,0.05282,"v0"],[8.7676,"n",91,80,0.05282,"v0"],[8.87323,"n",91,64,0.05282,"v0"],[9.19014,"n",91,112,0.05282,"v0"],[9.24295,"n",91,76,0.05282,"v0"],[9.29577,"n",91,68,0.05282,"v0"],[9.4014,"n",91,80,0.05282,"v0"],[9.50704,"n",91,64,0.05282,"v0"],[9.82394,"n",91,112,0.05282,"v0"],[9.87676,"n",91,76,0.05282,"v0"],[9.92957,"n",91,68,0.05282,"v0"],[10.03521,"n",91,112,0.05282,"v0"],[10.14084,"n",91,96,0.05282,"v0"]],[[0.0,"ls",44],[0.0,"br",12],[0.0,"p",13],[0.0,"v",62],[0.0,"n",75,112,0.05282,"v1"],[0.05282,"n",73,112,0.05282,"v1"],[0.10563,"n",71,112,0.3169,"v1"],[0.42254,"n",76,112,0.10563,"v1"],[0.52817,"n",78,112,0.10563,"v1"],[0.73944,"n",83,112,0.10563,"v1"],[1.16197,"n",83,112,0.10563,"v1"],[1.58451,"n",81,112,0.10563,"v1"],[1.79577,"n",80,112,0.3169,"v1"],[2.11267,"n",81,112,0.10563,"v1"],[2.21831,"n",80,112,0.10563,"v1"],[2.42958,"n",76,112,0.10563,"v1"],[2.85211,"n",78,112,0.6338,"v1"],[3.48591,"v",27],[3.48591,"n",95,112,0.05282,"v2"],[3.59155,"n",95,64,0.10563,"v2"],[3.69718,"n",95,64,0.10563,"v2"],[3.80282,"n",95,64,0.10563,"v2"],[3.90845,"n",95,112,0.10563,"v2"],[4.11972,"n",95,112,0.05282,"v2"],[4.22535,"n",95,64,0.10563,"v2"],[4.33098,"n",95,64,0.10563,"v2"],[4.43662,"n",95,64,0.10563,"v2"],[4.54225,"n",95,112,0.05282,"v2"],[4.75352,"n",95,112,0.05282,"v2"],[4.85915,"n",95,80,0.05282,"v2"],[4.96479,"n",95,112,0.05282,"v2"],[5.07042,"n",95,80,0.05282,"v2"],[5.17605,"n",95,112,0.05282,"v2"],[5.28169,"n",95,64,0.10563,"v2"],[5.38732,"n",95,64,0.10563,"v2"],[5.49295,"n",95,64,0.10563,"v2"],[5.59859,"n",95,112,0.10563,"v2"],[5.80986,"n",95,112,0.05282,"v2"],[5.91549,"n",95,64,0.10563,"v2"],[6.02112,"n",95,64,0.10563,"v2"],[6.12676,"n",95,64,0.10563,"v2"],[6.23239,"n",95,112,0.05282,"v2"],[6.44366,"n",95,112,0.05282,"v2"],[6.54929,"n",95,80,0.05282,"v2"],[6.65493,"n",95,112,0.05282,"v2"],[6.76056,"n",95,80,0.05282,"v2"],[6.86619,"n",95,112,0.05282,"v2"],[6.97183,"n",95,64,0.10563,"v2"],[7.07746,"n",95,64,0.10563,"v2"],[7.1831,"n",95,64,0.10563,"v2"],[7.28873,"n",95,112,0.10563,"v2"],[7.5,"n",95,112,0.05282,"v2"],[7.60563,"n",95,64,0.10563,"v2"],[7.71126,"n",95,64,0.10563,"v2"],[7.8169,"n",95,64,0.10563,"v2"],[7.92253,"n",95,112,0.05282,"v2"],[8.1338,"n",95,112,0.05282,"v2"],[8.23943,"n",95,80,0.05282,"v2"],[8.34507,"n",95,112,0.05282,"v2"],[8.4507,"n",95,80,0.05282,"v2"],[8.55633,"n",95,112,0.05282,"v2"],[8.66197,"n",95,64,0.10563,"v2"],[8.7676,"n",95,64,0.10563,"v2"],[8.87323,"n",95,64,0.10563,"v2"],[8.97887,"n",95,112,0.10563,"v2"],[9.19014,"n",95,112,0.05282,"v2"],[9.29577,"n",95,64,0.10563,"v2"],[9.4014,"n",95,64,0.10563,"v2"],[9.50704,"n",95,64,0.10563,"v2"],[9.61267,"n",95,112,0.05282,"v2"],[9.82394,"n",95,112,0.05282,"v2"],[9.92957,"n",95,80,0.05282,"v2"],[10.03521,"n",95,112,0.05282,"v2"],[10.14084,"n",95,80,0.05282,"v2"]],[[0.0,"br",12],[0.0,"ls",44],[0.0,"br",12],[0.0,"ls",44],[0.0,"p",0],[0.0,"v",61],[3.48591,"b",0],[3.48591,"n",35,112,0.3169,"v3"],[3.80282,"n",47,112,0.05282,"v3"],[4.01408,"n",47,112,0.05282,"v3"],[4.11972,"n",35,112,0.10563,"v3"],[4.22535,"n",47,112,0.05282,"v3"],[4.33098,"b",-5],[4.33098,"n",35,112,0.42253,"v3"],[4.43662,"b",0],[4.96479,"n",33,112,0.10563,"v3"],[5.07042,"n",34,112,0.10563,"v3"],[5.17605,"n",35,112,0.26408,"v3"],[5.49295,"n",35,112,0.05282,"v3"],[5.80986,"n",33,112,0.10563,"v3"],[5.91549,"n",34,112,0.10563,"v3"],[6.02112,"n",35,112,0.26408,"v3"],[6.33802,"n",35,112,0.05282,"v3"],[6.65493,"n",33,112,0.10563,"v3"],[6.76056,"n",34,112,0.10563,"v3"],[6.86619,"n",35,112,0.3169,"v3"],[7.1831,"n",47,112,0.05282,"v3"],[7.39436,"n",47,112,0.05282,"v3"],[7.60563,"n",47,112,0.05282,"v3"],[7.71126,"n",35,112,0.42253,"v3"],[8.34507,"n",33,112,0.10563,"v3"],[8.4507,"n",34,112,0.10563,"v3"],[8.55633,"n",35,112,0.26408,"v3"],[8.87323,"n",35,112,0.05282,"v3"],[9.19014,"n",33,112,0.10563,"v3"],[9.29577,"n",34,112,0.10563,"v3"],[9.4014,"n",35,112,0.26408,"v3"],[9.7183,"n",35,112,0.05282,"v3"],[10.03521,"n",33,112,0.10563,"v3"],[10.14084,"n",34,112,0.10563,"v3"]],[[0.0,"ls",44],[0.0,"br",12],[0.0,"v",60],[0.0,"p",-24],[0.0,"n",68,112,0.05282,"v1"],[0.05282,"n",66,112,0.05282,"v4"],[0.10563,"n",64,112,0.3169,"v4"],[0.42254,"n",68,112,0.10563,"v1"],[0.52817,"n",71,112,0.10563,"v1"],[0.73944,"n",74,112,0.10563,"v1"],[1.16197,"n",74,112,0.10563,"v1"],[1.58451,"n",73,112,0.10563,"v1"],[1.79577,"n",71,112,0.3169,"v1"],[2.11267,"n",73,112,0.10563,"v1"],[2.21831,"n",71,112,0.10563,"v1"],[2.42958,"n",72,112,0.10563,"v1"],[2.85211,"n",74,112,0.6338,"v1"],[3.48591,"v",27],[3.48591,"n",88,112,0.05282,"v2"],[3.59155,"n",88,64,0.10563,"v2"],[3.69718,"n",88,64,0.10563,"v2"],[3.80282,"n",88,64,0.10563,"v2"],[3.90845,"n",88,112,0.10563,"v2"],[4.11972,"n",88,112,0.05282,"v2"],[4.22535,"n",88,64,0.10563,"v2"],[4.33098,"n",88,64,0.10563,"v2"],[4.43662,"n",88,64,0.10563,"v2"],[4.54225,"n",88,112,0.05282,"v2"],[4.75352,"n",88,112,0.05282,"v2"],[4.85915,"n",88,80,0.05282,"v2"],[4.96479,"n",88,112,0.05282,"v2"],[5.07042,"n",88,80,0.05282,"v2"],[5.17605,"n",88,112,0.05282,"v2"],[5.28169,"n",88,64,0.10563,"v2"],[5.38732,"n",88,64,0.10563,"v2"],[5.49295,"n",88,64,0.10563,"v2"],[5.59859,"n",88,112,0.10563,"v2"],[5.80986,"n",88,112,0.05282,"v2"],[5.91549,"n",88,64,0.10563,"v2"],[6.02112,"n",88,64,0.10563,"v2"],[6.12676,"n",88,64,0.10563,"v2"],[6.23239,"n",88,112,0.05282,"v2"],[6.44366,"n",88,112,0.05282,"v2"],[6.54929,"n",88,80,0.05282,"v2"],[6.65493,"n",88,112,0.05282,"v2"],[6.76056,"n",88,80,0.05282,"v2"],[6.86619,"n",88,112,0.05282,"v2"],[6.97183,"n",88,64,0.10563,"v2"],[7.07746,"n",88,64,0.10563,"v2"],[7.1831,"n",88,64,0.10563,"v2"],[7.28873,"n",88,112,0.10563,"v2"],[7.5,"n",88,112,0.05282,"v2"],[7.60563,"n",88,64,0.10563,"v2"],[7.71126,"n",88,64,0.10563,"v2"],[7.8169,"n",88,64,0.10563,"v2"],