{"name":"mus_obtain_berry","title":"Obtain Berry","reverb":50,"loopStart":null,"loopEnd":null,"tracks":[[[0.21429,"p",-10],[0.21429,"v",90],[0.21429,"n",77,92,0.07143,"v0"],[0.28571,"n",77,80,0.07143,"v0"],[0.35714,"n",77,80,0.07143,"v0"],[0.42857,"n",72,92,0.07143,"v0"],[0.5,"n",72,80,0.07143,"v0"],[0.57143,"n",72,80,0.07143,"v0"],[0.64286,"n",84,92,0.07143,"v0"],[0.78571,"n",86,92,0.07143,"v0"],[0.92857,"n",84,92,0.07143,"v0"],[1.07143,"n",89,92,0.07143,"v0"],[1.14286,"n",89,80,0.07143,"v0"],[1.21428,"n",89,80,0.07143,"v0"],[1.28571,"n",89,80,0.07143,"v0"]],[[0.21429,"p",31],[0.21429,"v",90],[0.64286,"n",79,92,0.07143,"v0"],[0.78571,"n",82,92,0.07143,"v0"],[0.92857,"n",79,92,0.07143,"v0"],[1.07143,"n",81,92,0.28571,"v0"]],[[0.21429,"v",90],[0.21429,"p",-32],[0.21429,"n",65,80,0.42857,"v1"],[0.64286,"n",67,80,0.07143,"v1"],[0.78571,"n",67,80,0.07143,"v1"],[0.92857,"n",67,80,0.07143,"v1"],[1.07143,"n",65,80,0.28571,"v1"]],[[0.21429,"v",90],[0.21429,"p",0],[0.21429,"n",57,80,0.42857,"v1"],[0.64286,"n",58,80,0.07143,"v1"],[0.78571,"n",58,80,0.07143,"v1"],[0.92857,"n",58,80,0.07143,"v1"],[1.07143,"n",57,80,0.28571,"v1"]],[[0.21429,"v",90],[0.21429,"p",0],[0.21429,"n",84,60,0.07143,"v2"],[0.35714,"p",-49],[0.35714,"n",84,20,0.07143,"v2"],[0.64286,"p",-1],[0.64286,"n",70,60,0.07143,"v3"],[0.78571,"n",67,60,0.07143,"v3"],[0.92857,"p",50],[0.92857,"n",67,20,0.07143,"v3"],[1.07143,"p",0],[1.07143,"n",69,60,0.07143,"v2"],[1.21428,"p",-48],[1.21428,"n",69,20,0.07143,"v2"],[1.5,"p",0],[1.5,"n",69,60,0.07143,"v3"],[1.64286,"p",50],[1.64286,"n",69,20,0.07143,"v3"]]],"voices":{"v0":{"t":"pcm","sample":"DirectSoundWaveData_sc88pro_xylophone","base":60,"fixed":false,"adsr":[255,235,0,204],"prog":13},"v1":{"t":"pcm","sample":"DirectSoundWaveData_sc88pro_piano1_60","base":60,"fixed":false,"adsr":[255,250,0,221],"prog":1},"v2":{"t":"sq","duty":2,"base":60,"sweep":29,"adsr":[0,2,0,0],"prog":100},"v3":{"t":"sq","duty":2,"base":60,"sweep":22,"adsr":[0,2,0,0],"prog":101}}}