{"name":"mus_victory_wild","title":"Victory Wild","reverb":50,"loopStart":1.875,"loopEnd":15.58927,"tracks":[[[0.16071,"v",80],[0.16071,"br",3],[0.16071,"p",-8],[0.16071,"b",0],[0.16071,"n",76,112,0.10714,"v0"],[0.26786,"n",78,112,0.10714,"v0"],[0.375,"n",80,112,0.10714,"v0"],[0.48214,"n",81,112,0.10714,"v0"],[0.58929,"n",83,112,1.21428,"v0"],[0.69643,"v",69],[0.75,"v",60],[0.80357,"v",52],[0.91071,"v",45],[1.01786,"v",37],[1.23214,"m",5],[1.28571,"v",44],[1.39286,"v",49],[1.44643,"v",56],[1.5,"v",63],[1.55357,"v",70],[1.60714,"v",80],[1.875,"p",0],[1.875,"m",0],[1.875,"n",83,112,0.10714,"v0"],[2.08928,"n",81,112,0.10714,"v0"],[2.30357,"n",80,112,0.10714,"v0"],[2.51785,"n",81,112,0.10714,"v0"],[2.73214,"n",83,112,0.10714,"v0"],[2.94643,"n",83,112,0.10714,"v0"],[3.16071,"n",83,112,0.10714,"v0"],[3.58928,"n",85,112,0.10714,"v0"],[3.80357,"n",85,112,0.10714,"v0"],[4.01785,"n",85,112,0.42857,"v0"],[4.23214,"m",5],[4.44642,"m",0],[4.44642,"n",83,112,0.10714,"v0"],[4.66071,"n",83,112,0.10714,"v0"],[4.875,"n",83,112,0.10714,"v0"],[5.30357,"n",83,112,0.10714,"v0"],[5.51785,"n",81,112,0.10714,"v0"],[5.73214,"n",80,112,0.10714,"v0"],[5.94642,"n",81,112,0.10714,"v0"],[6.16071,"n",83,112,0.10714,"v0"],[6.37499,"n",83,112,0.10714,"v0"],[6.58928,"n",83,112,0.10714,"v0"],[7.01785,"n",85,112,0.10714,"v0"],[7.23214,"n",85,112,0.10714,"v0"],[7.44642,"n",85,112,0.42857,"v0"],[7.66071,"m",5],[7.87499,"m",0],[7.87499,"n",83,112,0.10714,"v0"],[8.30356,"n",72,112,0.10714,"v0"],[8.41071,"n",76,112,0.10714,"v0"],[8.51785,"n",79,112,0.10714,"v0"],[8.62499,"n",82,112,0.10714,"v0"],[8.73213,"n",84,112,0.10714,"v0"],[8.94642,"n",82,112,0.10714,"v0"],[9.16071,"n",81,112,0.10714,"v0"],[9.37499,"n",82,112,0.10714,"v0"],[9.58928,"n",84,112,0.10714,"v0"],[9.80356,"n",84,112,0.10714,"v0"],[10.01785,"n",84,112,0.10714,"v0"],[10.44642,"n",86,112,0.10714,"v0"],[10.6607,"n",86,112,0.10714,"v0"],[10.87499,"n",86,112,0.42857,"v0"],[11.08927,"m",5],[11.30356,"m",0],[11.30356,"n",84,112,0.10714,"v0"],[11.51785,"n",84,112,0.10714,"v0"],[11.73213,"n",84,112,0.10714,"v0"],[12.1607,"n",84,112,0.10714,"v0"],[12.37499,"n",82,112,0.10714,"v0"],[12.58927,"n",81,112,0.10714,"v0"],[12.80356,"n",82,112,0.10714,"v0"],[13.01784,"n",84,112,0.10714,"v0"],[13.23213,"n",84,112,0.10714,"v0"],[13.44642,"n",84,112,0.10714,"v0"],[13.87499,"n",86,112,0.10714,"v0"],[14.08927,"n",86,112,0.10714,"v0"],[14.30356,"n",86,112,0.42857,"v0"],[14.51784,"m",5],[14.73213,"m",0],[14.73213,"n",84,112,0.10714,"v0"],[15.1607,"n",71,112,0.10714,"v0"],[15.26784,"n",75,112,0.10714,"v0"],[15.37498,"n",78,112,0.10714,"v0"],[15.48213,"n",81,112,0.10714,"v0"]],[[0.16071,"v",80],[0.16071,"p",10],[0.16071,"n",68,80,0.10714,"v1"],[0.26786,"n",69,80,0.10714,"v1"],[0.375,"n",71,80,0.10714,"v1"],[0.48214,"n",75,80,0.10714,"v1"],[0.58929,"n",76,100,1.21428,"v1"],[0.69643,"v",69],[0.75,"v",60],[0.80357,"v",52],[0.91071,"v",45],[1.01786,"v",37],[1.23214,"m",5],[1.28571,"v",44],[1.39286,"v",49],[1.44643,"v",56],[1.5,"v",63],[1.55357,"v",70],[1.60714,"v",80],[1.875,"p",0],[1.875,"m",0],[2.08928,"n",64,92,0.10714,"v2"],[2.51785,"n",64,92,0.10714,"v2"],[2.94643,"n",64,92,0.10714,"v2"],[3.375,"n",64,92,0.10714,"v2"],[3.58928,"n",64,92,0.10714,"v2"],[4.23214,"p",10],[4.23214,"n",45,112,0.21429,"v3"],[4.44642,"n",47,112,0.21429,"v3"],[5.30357,"p",0],[5.51785,"n",64,92,0.10714,"v2"],[5.94642,"n",64,92,0.10714,"v2"],[6.37499,"n",64,92,0.10714,"v2"],[6.80356,"n",64,92,0.10714,"v2"],[7.01785,"n",64,92,0.10714,"v2"],[7.44642,"p",10],[7.44642,"n",45,112,0.21429,"v3"],[7.87499,"n",47,112,0.21429,"v3"],[8.73213,"p",0],[8.94642,"n",65,92,0.10714,"v2"],[9.37499,"n",65,92,0.10714,"v2"],[9.80356,"n",65,92,0.10714,"v2"],[10.23213,"n",65,92,0.10714,"v2"],[10.44642,"n",65,92,0.10714,"v2"],[11.08927,"p",10],[11.08927,"n",46,112,0.21429,"v3"],[11.30356,"n",48,112,0.21429,"v3"],[12.1607,"p",0],[12.37499,"n",65,92,0.10714,"v2"],[12.80356,"n",65,92,0.10714,"v2"],[13.23213,"n",65,92,0.10714,"v2"],[13.6607,"n",65,92,0.10714,"v2"],[13.87499,"n",65,92,0.10714,"v2"],[14.30356,"p",10],[14.30356,"n",46,112,0.21429,"v3"],[14.73213,"n",48,112,0.21429,"v3"]],[[0.16071,"v",80],[0.58929,"n",40,127,0.375,"v4"],[0.80357,"v",73],[0.85714,"v",61],[0.91071,"v",37],[0.96428,"v",25],[1.01786,"v",80],[1.01786,"n",35,127,0.375,"v4"],[1.23214,"v",73],[1.28571,"v",61],[1.33928,"v",37],[1.39286,"v",25],[1.44643,"v",80],[1.44643,"n",32,127,0.375,"v4"],[1.66071,"v",73],[1.71428,"v",61],[1.76786,"v",37],[1.82143,"v",25],[1.875,"v",80],[1.875,"n",40,127,0.375,"v4"],[2.08928,"v",73],[2.14285,"v",61],[2.19643,"v",37],[2.25,"v",25],[2.30357,"v",80],[2.30357,"n",35,127,0.375,"v4"],[2.51785,"v",73],[2.57143,"v",61],[2.625,"v",37],[2.67857,"v",25],[2.73214,"v",80],[2.73214,"n",40,127,0.375,"v4"],[2.94643,"v",73],[3.0,"v",61],[3.05357,"v",37],[3.10714,"v",25],[3.16071,"v",80],[3.16071,"n",35,127,0.375,"v4"],[3.375,"v",73],[3.42857,"v",61],[3.48214,"v",37],[3.53571,"v",25],[3.58928,"v",80],[3.58928,"n",45,127,0.85714,"v5"],[3.69642,"v",67],[3.75,"v",58],[3.85714,"v",54],[3.96428,"v",57],[4.07142,"v",64],[4.125,"v",69],[4.17857,"v",76],[4.28571,"v",80],[4.44642,"v",62],[4.44642,"n",47,127,0.85714,"v5"],[4.55357,"v",65],[4.66071,"v",67],[4.76785,"v",69],[4.875,"v",73],[5.03571,"v",76],[5.14285,"v",80],[5.30357,"n",40,127,0.375,"v4"],[5.51785,"v",73],[5.57142,"v",61],[5.62499,"v",37],[5.67857,"v",25],[5.73214,"v",80],[5.73214,"n",35,127,0.375,"v4"],[5.94642,"v",73],[5.99999,"v",61],[6.05357,"v",37],[6.10714,"v",25],[6.16071,"v",80],[6.16071,"n",40,127,0.375,"v4"],[6.37499,"v",73],[6.42856,"v",61],[6.48214,"v",37],[6.53571,"v",25],[6.58928,"v",80],[6.58928,"n",35,127,0.375,"v4"],[6.80356,"v",73],[6.85714,"v",61],[6.91071,"v",37],[6.96428,"v",25],[7.01785,"v",80],[7.01785,"n",45,127,0.42857,"v5"],[7.23214,"v",73],[7.28571,"v",61],[7.33928,"v",37],[7.87499,"v",80],[7.87499,"n",40,127,0.375,"v4"],[8.08928,"v",73],[8.14285,"v",61],[8.19642,"v",37],[8.24999,"v",25],[8.30356,"v",80],[8.30356,"n",36,127,0.375,"v4"],[8.51785,"v",73],[8.57142,"v",61],[8.62499,"v",37],[8.67856,"v",25],[8.73213,"v",80],[8.73213,"n",41,127,0.375,"v4"],[8.94642,"v",73],[8.99999,"v",61],[9.05356,"v",37],[9.10713,"v",25],[9.16071,"v",80],[9.16071,"n",36,127,0.375,"v4"],[9.37499,"v",73],[9.42856,"v",61],[9.48213,"v",37],[9.5357,"v",25],[9.58928,"v",80],[9.58928,"n",41,127,0.375,"v4"],[9.80356,"v",73],[9.85713,"v",61],[9.9107,"v",37],[9.96428,"v",25],[10.01785,"v",80],[10.01785,"n",36,127,0.375,"v4"],[10.23213,"v",73],[10.2857,"v",61],[10.33928,"v",37],[10.39285,"v",25],[10.44642,"v",80],[10.44642,"n",46,127,0.85714,"v5"],[10.55356,"v",67],[10.60713,"v",58],[10.71428,"v",54],[10.82142,"v",57],[10.92856,"v",64],[10.98213,"v",69],[11.0357,"v",76],[11.14285,"v",80],[11.30356,"v",62],[11.30356,"n",48,127,0.85714,"v5"],[11.4107,"v",65],[11.51785,"v",67],[11.62499,"v",69],[11.73213,"v",73],[11.89285,"v",76],[11.99999,"v",80],[12.1607,"n",41,127,0.375,"v4"],[12.37499,"v",73],[12.42856,"v",61],[12.48213,"v",37],[12.5357,"v",25],[12.58927,"v",80],[12.58927,"n",36,127,0.375,"v4"],[12.80356,"v",73],[12.85713,"v",61],[12.9107,"v",37],[12.96427,"v",25],[13.01784,"v",80],[13.01784,"n",41,127,0.375,"v4"],[13.23213,"v",73],[13.2857,"v",61],[13.33927,"v",37],[13.39284,"v",25],[13.44642,"v",80],[13.44642,"n",36,127,0.375,"v4"],[13.6607,"v",73],[13.71427,"v",61],[13.76784,"v",37],[13.82141,"v",25],[13.87499,"v",80],[13.87499,"n",46,127,0.42857,"v5"],[14.08927,"v",73],[14.14284,"v",61],[14.19641,"v",37],[14.73213,"v",80],[14.73213,"n",41,127,0.42857,"v4"],[14.94641,"v",73],[14.99999,"v",61],[15.05356,"v",37],[15.10713,"v",25],[15.1607,"v",80],[15.1607,"n",35,127,0.42857,"v4"],[15.37498,"v",73],[15.42856,"v",61],[15.48213,"v",37],[15.5357,"v",25]],[[0.16071,"ev",8],[0.16071,"el",8],[0.16071,"p",-48],[0.16071,"v",80],[0.16071,"n",59,52,0.10714,"v6"],[0.26786,"n",61,52,0.10714,"v6"],[0.375,"n",63,52,0.10714,"v6"],[0.48214,"n",66,52,0.10714,"v6"],[0.58929,"n",68,52,1.28571,"v6"],[0.69643,"v",69],[0.75,"v",60],[0.80357,"v",52],[0.91071,"v",45],[1.01786,"v",37],