{"name":"mus_rg_encounter_boy","title":"FRLG Encounter Boy","reverb":50,"loopStart":3.11688,"loopEnd":9.35064,"tracks":[[[0.0,"v",53],[0.0,"p",48],[0.0,"n",73,127,0.0974,"v0"],[0.0974,"n",74,127,0.0974,"v0"],[0.19481,"n",75,127,0.0974,"v0"],[0.29221,"n",76,127,0.0974,"v0"],[0.38961,"n",77,127,1.16883,"v0"],[0.48701,"v",19],[0.77922,"v",32],[0.87662,"v",38],[0.97403,"v",46],[0.97403,"m",5],[1.07143,"v",53],[1.16883,"v",60],[1.26623,"v",66],[1.36364,"v",73],[1.55844,"m",0],[1.55844,"v",63],[1.55844,"p",28],[2.53246,"n",64,120,0.0974,"v1"],[2.72727,"n",63,120,0.0974,"v1"],[2.92207,"n",59,120,0.0974,"v1"],[3.11688,"n",83,127,0.34091,"v1"],[3.45779,"n",82,120,0.0487,"v1"],[3.50649,"n",81,127,0.38961,"v1"],[3.8961,"n",80,127,0.19481,"v1"],[4.09091,"n",78,127,0.1948,"v1"],[4.28571,"n",76,127,0.1948,"v1"],[4.48051,"n",75,127,0.19481,"v1"],[4.67532,"n",78,127,0.1948,"v1"],[4.87012,"n",77,88,0.0487,"v1"],[4.91883,"n",76,92,0.0487,"v1"],[4.96753,"n",75,92,0.0487,"v1"],[5.01623,"n",74,92,0.0487,"v1"],[5.06493,"n",73,127,0.58442,"v1"],[5.64935,"n",71,127,0.1948,"v1"],[5.84415,"n",73,120,0.19481,"v1"],[6.03896,"n",76,127,0.1948,"v1"],[6.23376,"n",79,127,0.77922,"v1"],[7.01298,"n",86,127,0.77922,"v1"],[7.7922,"n",78,127,0.77922,"v1"],[8.57142,"n",85,127,0.77922,"v1"]],[[0.0,"ls",44],[0.0,"br",12],[0.0,"p",0],[0.0,"v",79],[0.0,"n",88,127,0.0974,"v0"],[0.0974,"n",87,127,0.0974,"v0"],[0.19481,"n",86,127,0.0974,"v0"],[0.29221,"n",85,127,0.0974,"v0"],[0.38961,"n",83,127,1.16883,"v0"],[0.48701,"v",34],[0.68182,"v",56],[0.77922,"v",60],[0.87662,"v",65],[0.97403,"v",73],[0.97403,"m",5],[1.07143,"v",82],[1.16883,"v",86],[1.26623,"v",89],[1.55844,"m",0],[1.55844,"v",90],[1.75324,"n",76,127,0.0974,"v1"],[2.14285,"n",76,127,0.0974,"v1"],[2.53246,"n",64,120,0.0974,"v1"],[2.72727,"n",65,120,0.0974,"v1"],[2.92207,"n",66,120,0.0974,"v1"],[3.11688,"m",1],[3.11688,"n",88,127,0.58441,"v1"],[3.7013,"n",87,127,0.58441,"v1"],[4.28571,"n",85,127,0.38961,"v1"],[4.67532,"n",83,127,0.1948,"v1"],[4.87012,"n",81,127,0.1948,"v1"],[5.06493,"n",80,108,0.0487,"v1"],[5.11363,"n",81,76,0.0487,"v1"],[5.16233,"n",80,120,0.0974,"v1"],[5.25974,"n",78,127,0.19481,"v1"],[5.45454,"n",80,127,0.1948,"v1"],[5.64935,"n",81,127,0.1948,"v1"],[5.84415,"n",83,127,0.19481,"v1"],[6.03896,"n",85,127,0.1948,"v1"],[6.23376,"n",89,127,1.55844,"v1"],[7.01298,"m",7],[7.7922,"m",0],[7.7922,"n",88,127,1.55844,"v1"],[8.57142,"m",7],[9.35064,"m",0]],[[0.0,"ls",44],[0.0,"br",12],[0.0,"p",63],[0.0,"v",45],[0.58442,"n",59,127,0.19481,"v2"],[0.77922,"p",-62],[0.77922,"n",52,127,0.19481,"v2"],[0.97403,"n",59,127,0.19481,"v2"],[1.16883,"p",63],[1.36364,"n",59,127,0.1948,"v2"],[1.55844,"p",-62],[1.55844,"n",52,127,0.1948,"v2"],[1.75324,"n",59,127,0.19481,"v2"],[1.94805,"p",63],[2.14285,"n",59,127,0.19481,"v2"],[2.33766,"p",0],[2.53246,"n",52,127,0.19481,"v2"],[2.72727,"n",53,127,0.1948,"v2"],[2.92207,"n",54,127,0.19481,"v2"],[3.11688,"p",-62],[3.11688,"n",52,127,0.19481,"v2"],[3.31169,"n",59,127,0.1948,"v2"],[3.50649,"p",63],[3.50649,"n",52,127,0.19481,"v2"],[3.7013,"n",59,127,0.19481,"v2"],[3.8961,"p",-62],[3.8961,"n",52,127,0.19481,"v2"],[4.09091,"n",59,127,0.0974,"v2"],[4.18831,"n",56,120,0.0487,"v2"],[4.23701,"n",54,120,0.0487,"v2"],[4.28571,"p",63],[4.28571,"n",52,127,0.1948,"v2"],[4.48051,"n",59,127,0.19481,"v2"],[4.67532,"p",-62],[4.67532,"n",54,127,0.1948,"v2"],[4.87012,"n",61,127,0.1948,"v2"],[5.06493,"p",63],[5.06493,"n",54,127,0.19481,"v2"],[5.25974,"n",61,127,0.19481,"v2"],[5.45454,"p",-62],[5.45454,"n",54,127,0.1948,"v2"],[5.64935,"n",61,127,0.0974,"v2"],[5.74675,"n",59,120,0.0487,"v2"],[5.79545,"n",56,120,0.0487,"v2"],[5.84415,"p",63],[5.84415,"n",54,127,0.19481,"v2"],[6.03896,"n",61,127,0.1948,"v2"],[6.23376,"p",-62],[6.23376,"n",55,127,0.1948,"v2"],[6.42856,"n",62,127,0.19481,"v2"],[6.62337,"p",63],[6.62337,"n",55,127,0.1948,"v2"],[6.81818,"n",62,127,0.1948,"v2"],[7.01298,"p",-62],[7.01298,"n",55,127,0.19481,"v2"],[7.20779,"n",62,127,0.0974,"v2"],[7.30519,"n",59,120,0.0487,"v2"],[7.35389,"n",57,120,0.0487,"v2"],[7.40259,"p",63],[7.40259,"n",55,127,0.1948,"v2"],[7.59739,"n",62,127,0.19481,"v2"],[7.7922,"p",-62],[7.7922,"n",54,127,0.1948,"v2"],[7.987,"n",61,127,0.19481,"v2"],[8.18181,"p",63],[8.18181,"n",54,127,0.1948,"v2"],[8.37661,"n",61,127,0.0974,"v2"],[8.47402,"n",57,120,0.0974,"v2"],[8.57142,"p",-62],[8.57142,"n",54,127,0.19481,"v2"],[8.76623,"n",61,120,0.1948,"v2"],[8.96103,"p",63],[8.96103,"n",54,127,0.19481,"v2"],[9.15583,"n",51,127,0.19481,"v2"]],[[0.0,"br",12],[0.0,"ls",44],[0.0,"br",12],[0.0,"ls",44],[0.0,"p",0],[0.0,"v",90],[0.0,"n",47,120,0.0974,"v3"],[0.0974,"n",53,120,0.0487,"v3"],[0.19481,"n",47,120,0.0974,"v3"],[0.29221,"n",40,120,0.0974,"v3"],[0.38961,"n",47,120,0.77922,"v3"],[0.48701,"v",45],[0.53571,"m",8],[0.77922,"v",79],[0.97403,"v",90],[1.16883,"v",90],[1.16883,"m",0],[1.16883,"n",47,120,0.0487,"v3"],[1.26623,"n",41,120,0.0487,"v3"],[1.36364,"n",39,120,0.1948,"v3"],[1.55844,"b",0],[1.55844,"n",40,120,0.0974,"v3"],[1.85065,"n",40,120,0.0487,"v3"],[2.14285,"n",37,120,0.0487,"v3"],[2.24026,"n",37,120,0.0487,"v3"],[2.53246,"n",40,120,0.0974,"v3"],[2.72727,"n",39,120,0.0974,"v3"],[2.92207,"n",42,120,0.0974,"v3"],[3.11688,"b",0],[3.11688,"n",40,120,0.24351,"v3"],[3.40909,"n",40,120,0.0487,"v3"],[3.7013,"n",40,120,0.0487,"v3"],[3.8961,"n",40,120,0.0487,"v3"],[3.9935,"n",40,120,0.0487,"v3"],[4.48051,"n",46,120,0.0974,"v3"],[4.57792,"n",47,120,0.0974,"v3"],[4.67532,"n",42,120,0.24351,"v3"],[4.96753,"n",42,120,0.0487,"v3"],[5.25974,"n",42,120,0.0487,"v3"],[5.45454,"n",49,120,0.0487,"v3"],[5.55194,"n",42,120,0.1461,"v3"],[5.74675,"n",42,120,0.0487,"v3"],[6.03896,"n",42,120,0.0487,"v3"],[6.13636,"n",42,120,0.0487,"v3"],[6.23376,"n",43,120,0.1948,"v3"],[6.52597,"n",43,120,0.0487,"v3"],[6.81818,"n",43,120,0.0487,"v3"],[6.91558,"n",43,120,0.0487,"v3"],[7.01298,"n",49,120,0.0974,"v3"],[7.11038,"n",50,120,0.0487,"v3"],[7.20779,"n",46,120,0.0974,"v3"],[7.30519,"n",47,120,0.0487,"v3"],[7.40259,"n",42,120,0.0974,"v3"],[7.49999,"n",43,120,0.0487,"v3"],[7.59739,"n",40,120,0.0974,"v3"],[7.6948,"n",38,120,0.0487,"v3"],[7.7922,"n",49,120,0.0487,"v3"],[7.8896,"n",42,120,0.1948,"v3"],[8.08441,"n",42,120,0.0487,"v3"],[8.37661,"n",42,120,0.0487,"v3"],[8.47402,"n",42,120,0.0487,"v3"],[8.76623,"n",42,120,0.0487,"v3"],[8.86363,"n",42,120,0.0487,"v3"],[8.96103,"b",0],[8.96103,"n",52,120,0.38961,"v3"],[9.00973,"b",-12],[9.05843,"b",-19],[9.10713,"b",-26],[9.15583,"b",-32],[9.20454,"b",-40],[9.25324,"b",-47],[9.30194,"b",-54],[9.35064,"b",-63]],[[0.0,"ls",44],[0.0,"br",12],[0.0,"v",45],[0.0,"p",-29],[0.0,"n",100,127,0.0974,"v4"],[0.0974,"n",99,127,0.0974,"v4"],[0.19481,"n",98,127,0.0974,"v4"],[0.29221,"n",97,127,0.0974,"v4"],[0.38961,"n",95,127,0.77922,"v4"]],[[0.0,"ls",44],[0.0,"ev",18],[0.0,"ev",16],[0.0,"br",12],[0.0,"p",0],[0.0,"v",56],[0.0,"b",2],[0.97403,"m",5],[1.55844,"m",0],[1.75324,"n",76,127,0.0974,"v5"],[2.14285,"n",76,127,0.0974,"v5"],[2.53246,"n",64,120,0.0974,"v5"],[2.72727,"n",65,120,0.0974,"v5"],[2.92207,"n",66,120,0.0974,"v5"],[3.11688,"m",1],[3.11688,"n",88,127,0.58441,"v5"],[3.7013,"n",87,127,0.58441,"v5"],[4.28571,"n",85,127,0.38961,"v5"],[4.67532,"n",83,127,0.1948,"v5"],[4.87012,"n",81,127,0.1948,"v5"],[5.06493,"n",80,120,0.0487,"v5"],[5.11363,"n",81,32,0.0487,"v5"],[5.16233,"n",80,32,0.0974,"v5"],[5.25974,"n",78,127,0.19481,"v5"],[5.45454,"n",80,127,0.1948,"v5"],[5.64935,"n",81,127,0.1948,"v5"],[5.84415,"n",83,127,0.19481,"v5"],[6.03896,"n",85,127,0.1948,"v5"],[6.23376,"n",89,127,1.55844,"v5"],[7.01298,"m",7],[7.7922,"m",0],[7.7922,"n",88,127,1.55844,"v5"],[8.57142,"m",7]],[[0.0,"p",0],[0.0,"v",79],[1.16883,"n",60,120,0.38961,"v6"],[1.55844,"n",36,92,0.0974,"v7"],[1.85065,"n",36,56,0.0974,"v7"],[2.14285,"n",37,84,0.0974,"v8"],[2.24026,"n",37,64,0.0974,"v8"],[2.33766,"n",36,92,0.0974,"v7"],[2.53246,"n",36,56,0.0487,"v7"],[2.72727,"n",36,88,0.0974,"v7"],[2.92207,"n",36,88,0.0974,"v7"],[3.11688,"n",36,92,0.0974,"v7"],[3.31169,"n",62,112,0.0974,"v9"],[3.40909,"n",36,56,0.0974,"v7"],[3.50649,"n",62,112,