{"name":"mus_encounter_swimmer","title":"Encounter Swimmer","reverb":50,"loopStart":2.53521,"loopEnd":12.67605,"tracks":[[[0.0,"v",80],[0.0,"p",-9],[0.05282,"n",86,92,0.10563,"v0"],[0.15845,"n",87,92,0.42253,"v0"],[0.6338,"n",66,68,0.10563,"v1"],[0.73944,"n",69,76,0.10563,"v1"],[0.84507,"n",71,84,0.10563,"v1"],[0.9507,"n",75,92,0.10563,"v1"],[1.05634,"n",78,100,0.10563,"v1"],[1.16197,"n",81,108,0.10563,"v1"],[1.2676,"n",83,108,0.21127,"v1"],[1.47887,"n",71,108,0.21127,"v1"],[1.69014,"n",73,108,0.21127,"v1"],[1.90141,"n",78,108,0.21127,"v1"],[2.11267,"n",83,108,0.21127,"v1"],[2.32394,"n",85,108,0.21127,"v1"],[2.53521,"v",80],[2.53521,"p",4],[2.53521,"n",75,112,0.52817,"v2"],[3.16901,"n",73,112,0.21127,"v2"],[3.38028,"n",71,112,0.21127,"v2"],[3.59155,"n",69,112,0.21127,"v2"],[3.80282,"n",68,112,0.21127,"v2"],[4.01408,"n",66,112,0.21127,"v3"],[4.22535,"n",68,112,0.21127,"v2"],[4.43662,"n",69,112,0.21127,"v2"],[4.64788,"n",71,112,0.21127,"v2"],[4.85915,"n",68,112,0.21127,"v2"],[5.07042,"n",66,112,0.21127,"v3"],[5.49295,"n",69,112,0.21127,"v2"],[5.91549,"n",73,112,0.21127,"v2"],[6.33802,"n",71,112,1.19718,"v2"],[6.91901,"v",75],[7.02464,"v",70],[7.13028,"v",62],[7.23591,"v",53],[7.34155,"v",42],[7.44718,"v",27],[7.5,"v",9],[7.60563,"v",80],[7.60563,"n",75,112,0.52817,"v2"],[8.23943,"n",76,112,0.21127,"v2"],[8.4507,"n",75,112,0.21127,"v2"],[8.66197,"n",73,112,0.21127,"v2"],[8.87323,"n",71,112,0.21127,"v2"],[9.0845,"n",69,112,0.21127,"v2"],[9.29577,"n",68,112,0.21127,"v2"],[9.50704,"n",66,112,0.21127,"v3"],[9.7183,"n",68,112,0.21127,"v2"],[9.92957,"n",71,112,0.21127,"v2"],[10.14084,"n",73,112,0.21127,"v2"],[10.56337,"n",75,112,0.21127,"v2"],[10.98591,"n",73,112,0.21127,"v2"],[11.40845,"n",71,112,1.19718,"v2"],[11.98943,"v",75],[12.09506,"v",70],[12.2007,"v",62],[12.30633,"v",53],[12.41197,"v",42],[12.5176,"v",27],[12.57042,"v",9]],[[0.0,"n",35,120,1.2676,"v4"],[1.2676,"v",80],[1.2676,"n",42,120,0.42254,"v4"],[1.69014,"n",40,120,0.42253,"v4"],[2.11267,"n",39,120,0.42253,"v4"],[2.53521,"v",80],[2.53521,"n",40,120,0.84507,"v4"],[3.38028,"n",35,120,0.21127,"v4"],[3.80282,"n",40,120,0.84507,"v4"],[4.64788,"n",35,120,0.21127,"v4"],[5.07042,"n",42,120,0.21127,"v4"],[5.49295,"n",42,120,0.21127,"v4"],[5.91549,"n",37,120,0.42253,"v4"],[6.33802,"n",35,120,0.21127,"v4"],[6.76056,"n",39,120,0.21127,"v4"],[7.1831,"n",42,120,0.42253,"v4"],[7.60563,"n",40,120,0.84507,"v4"],[8.4507,"n",35,120,0.21127,"v4"],[8.87323,"n",40,120,0.84507,"v4"],[9.7183,"n",35,120,0.21127,"v4"],[10.14084,"n",42,120,0.21127,"v4"],[10.56337,"n",42,120,0.21127,"v4"],[10.98591,"n",37,120,0.42254,"v4"],[11.40845,"n",35,120,0.21127,"v4"],[11.83098,"n",39,120,0.21127,"v4"],[12.25352,"n",42,120,0.42253,"v4"]],[[0.0,"p",9],[0.0,"n",85,92,0.10563,"v0"],[0.10563,"n",83,92,0.73944,"v0"],[0.42254,"b",0],[1.2676,"v",80],[1.2676,"p",-8],[1.2676,"n",54,72,0.42254,"v5"],[1.69014,"n",56,72,0.42253,"v5"],[2.11267,"n",57,72,0.42253,"v5"],[2.53521,"v",80],[2.53521,"n",59,72,0.52817,"v5"],[3.16901,"n",56,72,0.21127,"v5"],[3.38028,"n",59,72,0.21127,"v5"],[3.59155,"n",61,72,0.21127,"v5"],[3.80282,"n",63,72,0.21127,"v5"],[4.01408,"n",61,72,0.21127,"v5"],[4.22535,"n",63,72,0.21127,"v5"],[4.43662,"n",64,72,0.21127,"v5"],[4.64788,"n",66,72,0.21127,"v5"],[4.85915,"n",63,72,0.21127,"v5"],[5.07042,"n",61,72,0.21127,"v5"],[5.49295,"n",66,72,0.21127,"v5"],[5.91549,"n",69,72,0.21127,"v5"],[6.12676,"n",66,72,0.21127,"v5"],[6.33802,"n",69,72,0.21127,"v5"],[6.54929,"n",68,72,0.21127,"v5"],[6.76056,"n",69,72,0.21127,"v5"],[6.97183,"n",78,72,0.21127,"v6"],[7.1831,"n",76,72,0.21127,"v6"],[7.39436,"n",75,72,0.21127,"v6"],[7.60563,"n",59,72,0.36972,"v3"],[7.8169,"v",75],[7.86971,"v",62],[7.92253,"v",47],[7.97535,"v",29],[8.02816,"v",80],[8.02816,"n",59,92,0.10563,"v5"],[8.4507,"n",63,92,0.10563,"v5"],[8.87323,"n",59,72,0.36972,"v3"],[9.0845,"v",75],[9.13732,"v",62],[9.19014,"v",47],[9.24295,"v",29],[9.29577,"v",80],[9.29577,"n",59,92,0.10563,"v5"],[9.7183,"n",63,92,0.10563,"v5"],[10.14084,"n",57,72,0.36972,"v3"],[10.35211,"v",75],[10.40492,"v",62],[10.45774,"v",47],[10.51056,"v",29],[10.56337,"v",80],[10.56337,"n",57,92,0.10563,"v5"],[10.98591,"n",66,92,0.10563,"v5"],[11.40845,"n",59,72,0.21127,"v5"],[11.61971,"n",58,72,0.21127,"v5"],[11.83098,"n",59,72,0.21127,"v5"],[12.04225,"n",66,72,0.21127,"v5"],[12.25352,"n",64,72,0.21127,"v5"],[12.46478,"n",63,72,0.21127,"v5"]],[[0.0,"v",80],[0.0,"p",48],[0.0,"ev",13],[0.0,"el",8],[0.0,"n",59,52,0.10563,"v7"],[0.42254,"n",71,52,0.10563,"v7"],[0.84507,"n",71,52,0.10563,"v7"],[1.2676,"v",80],[1.2676,"n",63,60,0.36972,"v8"],[1.47887,"v",76],[1.53169,"v",65],[1.58451,"v",41],[1.69014,"v",80],[1.69014,"n",64,60,0.36972,"v8"],[1.90141,"v",76],[1.95422,"v",65],[2.00704,"v",41],[2.11267,"v",80],[2.11267,"n",66,60,0.36972,"v8"],[2.32394,"v",76],[2.37676,"v",65],[2.42958,"v",41],[2.53521,"v",80],[2.53521,"n",68,60,0.36972,"v7"],[2.74648,"v",76],[2.79929,"v",65],[2.85211,"v",41],[2.95774,"v",80],[2.95774,"n",80,52,0.36972,"v7"],[3.16901,"v",76],[3.22183,"v",65],[3.27465,"v",41],[3.38028,"v",80],[3.38028,"n",68,60,0.36972,"v7"],[3.59155,"v",76],[3.64436,"v",65],[3.69718,"v",41],[3.80282,"v",80],[3.80282,"n",68,60,0.36972,"v7"],[4.01408,"v",76],[4.0669,"v",65],[4.11972,"v",41],[4.22535,"v",80],[4.22535,"n",80,52,0.36972,"v7"],[4.43662,"v",76],[4.48943,"v",65],[4.54225,"v",41],[4.64788,"v",80],[4.64788,"n",68,60,0.36972,"v7"],[4.85915,"v",76],[4.91197,"v",65],[4.96479,"v",41],[5.07042,"v",80],[5.07042,"n",73,52,0.21127,"v7"],[5.28169,"n",54,60,0.21127,"v7"],[5.49295,"n",78,52,0.21127,"v7"],[5.70422,"n",54,60,0.21127,"v7"],[5.91549,"n",81,52,0.21127,"v7"],[6.12676,"n",54,60,0.21127,"v7"],[6.33802,"n",81,52,0.42254,"v7"],[6.54929,"v",76],[6.60211,"v",65],[6.65493,"v",41],[6.76056,"v",80],[6.76056,"n",54,60,0.21127,"v7"],[6.97183,"n",59,60,0.21127,"v7"],[7.1831,"n",61,60,0.21127,"v7"],[7.39436,"n",63,60,0.21127,"v7"],[7.60563,"n",64,60,0.36972,"v7"],[7.8169,"v",75],[7.86971,"v",62],[7.92253,"v",47],[8.02816,"v",80],[8.02816,"n",64,40,0.21127,"v7"],[8.23943,"n",71,40,0.21127,"v7"],[8.4507,"n",80,40,0.21127,"v7"],[8.66197,"n",87,40,0.21127,"v7"],[8.87323,"n",64,60,0.36972,"v7"],[9.0845,"v",75],[9.13732,"v",62],[9.19014,"v",47],[9.29577,"v",80],[9.29577,"n",64,40,0.21127,"v7"],[9.50704,"n",71,40,0.21127,"v7"],[9.7183,"n",80,40,0.21127,"v7"],[9.92957,"n",87,40,0.21127,"v7"],[10.14084,"n",63,60,0.36972,"v7"],[10.35211,"v",75],[10.40492,"v",62],[10.45774,"v",47],[10.56337,"v",80],[10.56337,"n",63,40,0.21127,"v7"],[10.77464,"n",69,40,0.21127,"v7"],[10.98591,"n",78,40,0.21127,"v7"],[11.19718,"n",85,40,0.21127,"v7"],[11.40845,"n",78,60,0.36972,"v7"],[11.61971,"v",75],[11.67253,"v",62],[11.72535,"v",47],[11.83098,"v",80],[11.83098,"n",66,60,0.36972,"v7"],[12.04225,"v",75],[12.09506,"v",62],[12.14788,"v",47],[12.25352,"v",80],[12.25352,"n",71,60,0.36972,"v7"],[12.46478,"v",75],[12.5176,"v",62],[12.57042,"v",47]],[[0.0,"v",80],[0.0,"ev",13],[0.0,"el",8],[0.0,"p",0],[0.0,"n",54,52,0.10563,"v9"],[0.42254,"n",66,52,0.10563,"v9"],[0.84507,"n",66,52,0.10563,"v9"],[1.2676,"v",80],[1.2676,"n",66,60,0.36972,"v10"],[1.47887,"v",76],[1.53169,"v",65],[1.58451,"v",41],[1.69014,"v",80],[1.69014,"n",68,60,0.36972,"v10"],[1.90141,"v",76],[1.95422,"v",65],[2.00704,"v",41],[2.11267,"v",80],[2.11267,"n",69,60,0.36972,"v10"],[2.32394,"v",76],[2.37676,"v",65],[2.42958,"v",41],[2.53521,"v",80],[2.53521,"n",71,60,0.36972,"v9"],[2.74648,"v",76],[2.79929,"v",65],[2.85211,"v",41],[2.95774,"v",80],[2.95774,"n",83,52,0.36972,"v9"],[3.16901,"v",76],[3.22183,"v",65],[3.27465,"v",41],[3.38028,"v",80],[3.38028,"n",71,60,0.36972,"v9"],[3.59155,"v",76],[3.64436,"v",65],[3.69718,"v",41],[3.80282,"v",80],[3.80282,"n",71,60,0.36972,"v9"],[4.01408,"v",76],[4.0669,"v",65],[4.11972,"v",41],[4.22535,"v",80],[4.22535,"n",83,52,0.36972,"v9"],[4.43662,"v",76],[4.48943,"v",65],[4.54225,"v",41],[4.64788,"v",80],[4.64788,"n",71,60,0.36972,"v9"],[4.85915,"v",76],[4.91197,"v",65],[4.96479,"v",41],[5.07042,"v",80],[5.07042,"n",78,52,0.21127,"v9"],[5.28169,"n",57,60,