{"name":"mus_end","title":"End","reverb":50,"loopStart":0.86956,"loopEnd":102.05549,"tracks":[[[0.0,"p",0],[0.0,"v",30],[0.0,"n",72,112,0.05435,"v0"],[0.43478,"n",74,112,0.05435,"v0"],[0.65217,"n",63,64,0.05435,"v0"],[0.70652,"n",67,64,0.05435,"v0"],[0.76087,"n",70,68,0.05435,"v0"],[0.81522,"n",75,68,0.05435,"v0"],[0.86956,"n",79,112,0.05435,"v0"],[1.63043,"n",70,64,0.05435,"v0"],[1.68478,"n",75,68,0.05435,"v0"],[1.73913,"n",81,112,0.05682,"v0"],[2.67754,"n",82,112,0.05357,"v0"],[3.42754,"n",79,52,0.05357,"v0"],[3.48111,"n",82,56,0.05357,"v0"],[3.53469,"n",86,68,0.05682,"v0"],[3.5915,"n",89,112,0.05682,"v0"],[6.23683,"n",87,112,0.05435,"v0"],[6.67161,"n",86,112,0.05435,"v0"],[7.1064,"n",84,112,0.05859,"v0"],[7.82938,"n",87,112,0.06466,"v0"],[7.95869,"n",74,64,0.06466,"v0"],[8.02335,"n",77,72,0.06466,"v0"],[8.088,"n",81,76,0.05435,"v0"],[8.14235,"n",86,112,0.05435,"v0"],[8.95757,"n",77,112,0.01953,"v0"],[9.27007,"n",79,112,0.01953,"v0"],[9.59025,"n",80,112,0.02049,"v0"],[9.81111,"n",69,68,0.06944,"v0"],[9.88055,"n",74,76,0.06944,"v0"],[9.95,"n",81,112,0.05435,"v0"],[10.81956,"n",84,112,0.05682,"v0"],[11.64762,"n",74,68,0.06579,"v0"],[11.71341,"n",79,68,0.06579,"v0"],[11.7792,"n",84,112,0.01812,"v0"],[12.06905,"n",86,112,0.01812,"v0"],[12.35891,"n",82,112,0.01812,"v0"],[13.68137,"n",77,68,0.05435,"v0"],[13.73572,"n",82,76,0.05435,"v0"],[14.27919,"n",74,64,0.05435,"v0"],[14.33354,"n",77,68,0.05435,"v0"],[14.38789,"n",82,112,0.02049,"v0"],[14.71576,"n",81,112,0.02049,"v0"],[15.07969,"n",82,112,0.025,"v0"],[15.17969,"n",63,64,0.075,"v0"],[15.25469,"n",67,64,0.075,"v0"],[15.32969,"n",70,68,0.075,"v0"],[15.40469,"n",75,68,0.075,"v0"],[15.47969,"n",79,112,0.05357,"v0"],[16.22969,"n",70,64,0.05357,"v0"],[16.28326,"n",75,68,0.05357,"v0"],[16.33684,"n",81,112,0.05357,"v0"],[17.19398,"n",82,112,0.05357,"v0"],[17.94398,"n",79,52,0.05357,"v0"],[17.99755,"n",82,56,0.05357,"v0"],[18.05112,"n",87,68,0.05859,"v0"],[18.10971,"n",91,112,0.05859,"v0"],[20.77276,"n",93,112,0.05435,"v0"],[21.20754,"n",91,112,0.05435,"v0"],[21.64232,"n",89,112,0.05682,"v0"],[22.3511,"n",87,112,0.06356,"v0"],[22.47822,"n",77,64,0.06356,"v0"],[22.54178,"n",81,72,0.06356,"v0"],[22.60534,"n",86,76,0.05435,"v0"],[22.65969,"n",89,112,0.05435,"v0"],[23.4749,"n",86,112,0.01812,"v0"],[23.76476,"n",87,112,0.01812,"v0"],[24.05461,"n",88,112,0.01812,"v0"],[24.34447,"n",89,112,0.05435,"v0"],[24.77925,"n",92,112,0.01812,"v0"],[25.52172,"n",91,112,0.01923,"v0"],[25.8343,"n",86,112,0.01984,"v0"],[26.03661,"n",79,68,0.06148,"v0"],[26.09809,"n",82,68,0.06148,"v0"],[26.15957,"n",89,112,0.05435,"v0"],[27.08615,"n",87,112,0.06148,"v0"],[28.03653,"n",86,112,0.05435,"v0"],[28.9061,"n",89,112,0.05769,"v0"],[29.61764,"n",63,64,0.0625,"v0"],[29.68014,"n",67,64,0.0625,"v0"],[29.74264,"n",70,68,0.0625,"v0"],[29.80514,"n",75,68,0.0625,"v0"],[29.86764,"n",81,112,0.05435,"v0"],[30.08503,"n",82,112,0.05435,"v0"],[30.24807,"n",79,64,0.05435,"v0"],[30.30242,"n",86,64,0.05435,"v0"],[30.35677,"n",89,112,0.05435,"v0"],[33.32987,"n",76,68,0.06944,"v0"],[33.39931,"n",79,68,0.06944,"v0"],[33.46876,"n",81,112,0.05435,"v0"],[33.68615,"n",82,112,0.05435,"v0"],[33.79484,"n",79,64,0.05435,"v0"],[33.84919,"n",88,64,0.05435,"v0"],[33.90354,"n",91,112,0.05435,"v0"],[36.07745,"n",93,112,0.01953,"v0"],[36.38995,"n",91,112,0.01953,"v0"],[36.71013,"n",88,112,0.02049,"v0"],[36.91505,"n",82,60,0.06148,"v0"],[36.97653,"n",84,64,0.06148,"v0"],[37.038,"n",89,112,0.05435,"v0"],[40.40756,"n",77,60,0.05435,"v0"],[40.46191,"n",82,64,0.05435,"v0"],[40.51626,"n",84,68,0.05435,"v0"],[40.57061,"n",87,72,0.05435,"v0"],[40.62495,"n",89,112,0.05435,"v0"],[43.83147,"n",70,56,0.05435,"v0"],[43.88582,"n",74,68,0.05435,"v0"],[43.94017,"n",77,68,0.05435,"v0"],[43.99451,"n",82,112,0.05435,"v0"],[44.04886,"n",86,112,0.05435,"v0"],[44.86408,"n",87,112,0.05859,"v0"],[45.82463,"n",89,112,0.05435,"v0"],[47.99854,"n",86,112,0.05435,"v0"],[48.43332,"n",87,112,0.05859,"v0"],[48.90207,"n",89,112,0.06356,"v0"],[49.28343,"n",82,56,0.06356,"v0"],[49.34699,"n",86,60,0.06356,"v0"],[49.41055,"n",94,112,0.05435,"v0"],[49.84533,"n",89,112,0.05435,"v0"],[50.17142,"n",82,60,0.05435,"v0"],[50.22576,"n",86,60,0.05435,"v0"],[50.28011,"n",87,112,0.01894,"v0"],[50.58314,"n",89,112,0.01894,"v0"],[50.89091,"n",86,112,0.01953,"v0"],[51.21493,"n",84,112,0.05435,"v0"],[58.25275,"n",72,56,0.06944,"v0"],[58.3222,"n",75,60,0.06944,"v0"],[58.39164,"n",77,64,0.06944,"v0"],[58.46109,"n",81,64,0.05435,"v0"],[58.51543,"n",84,112,0.05435,"v0"],[59.33065,"n",86,112,0.05435,"v0"],[60.20021,"n",87,112,0.05435,"v0"],[62.4183,"n",84,112,0.05435,"v0"],[62.85308,"n",86,112,0.05435,"v0"],[63.28786,"n",87,112,0.05435,"v0"],[63.72265,"n",93,112,0.05435,"v0"],[64.15743,"n",91,112,0.05435,"v0"],[64.59221,"n",93,112,0.06148,"v0"],[65.33825,"n",96,112,0.07353,"v0"],[65.48531,"n",77,64,0.07353,"v0"],[65.55884,"n",82,72,0.07353,"v0"],[65.63237,"n",86,72,0.05435,"v0"],[65.68672,"n",89,112,0.05435,"v0"],[72.76093,"n",74,64,0.07353,"v0"],[72.83446,"n",77,68,0.07353,"v0"],[72.90799,"n",82,68,0.05435,"v0"],[72.96234,"n",86,112,0.05435,"v0"],[73.77756,"n",87,112,0.05435,"v0"],[74.67771,"n",89,112,0.05435,"v0"],[76.85162,"n",86,112,0.05435,"v0"],[77.2864,"n",87,112,0.05859,"v0"],[77.75515,"n",89,112,0.06466,"v0"],[78.14308,"n",86,64,0.06466,"v0"],[78.20774,"n",89,68,0.06466,"v0"],[78.27239,"n",94,112,0.05435,"v0"],[78.70717,"n",89,112,0.05435,"v0"],[79.03326,"n",81,64,0.05435,"v0"],[79.08761,"n",84,64,0.05435,"v0"],[79.14195,"n",87,112,0.01953,"v0"],[79.45445,"n",89,112,0.01953,"v0"],[79.7802,"n",86,112,0.02119,"v0"],[80.11918,"n",84,112,0.05435,"v0"],[87.224,"n",75,64,0.06944,"v0"],[87.29345,"n",79,72,0.06944,"v0"],[87.36289,"n",81,72,0.06944,"v0"],[87.43234,"n",84,112,0.05435,"v0"],[88.3019,"n",86,112,0.05435,"v0"],[89.20986,"n",87,112,0.05435,"v0"],[91.47044,"n",84,112,0.05435,"v0"],[91.90522,"n",86,112,0.05435,"v0"],[92.34,"n",87,112,0.05435,"v0"],[92.77478,"n",93,112,0.05435,"v0"],[93.20957,"n",91,112,0.05435,"v0"],[93.64435,"n",93,112,0.06148,"v0"],[94.43027,"n",96,112,0.07353,"v0"],[94.57733,"n",86,60,0.07353,"v0"],[94.65086,"n",89,68,0.07353,"v0"],[94.72439,"n",94,64,0.05435,"v0"],[94.77873,"n",98,112,0.05435,"v0"],[100.50424,"n",70,112,0.05682,"v0"],[100.95878,"n",72,112,0.06356,"v0"],[101.46726,"n",74,112,0.07353,"v0"],[101.76138,"n",63,64,0.07353,"v0"],[101.83491,"n",67,64,0.07353,"v0"],[101.90843,"n",70,68,0.07353,"v0"],[101.98196,"n",75,68,0.07353,"v0"]],[[0.0,"p",0],[0.0,"v",36],[0.0,"n",56,112,0.05435,"v0"],[0.43478,"n",53,112,0.05435,"v0"],[0.86956,"n",51,112,0.05435,"v0"],[1.30435,"n",58,68,0.05435,"v0"],[1.73913,"n",67,68,0.05682,"v0"],[2.19367,"n",58,68,0.06048,"v0"],[2.67754,"n",67,68,0.05357,"v0"],[3.10611,"n",58,68,0.05357,"v0"],[3.53469,"n",67,68,0.05682,"v0"],[3.98923,"n",58,68,0.06356,"v0"],[4.4977,"n",51,112,0.05435,"v0"],[4.93249,"n",60,68,0.05435,"v0"],[5.36727,"n",69,68,0.05435,"v0"],[5.80205,"n",60,68,0.05435,"v0"],[6.23683,"n",69,68,0.05435,"v0"],[6.67161,"n",60,68,0.05435,"v0"],[7.1064,"n",69,68,0.05859,"v0"],[7.57515,"n",60,68,0.06356,"v0"],[8.088,"n",50,112,0.05435,"v0"],[8.52279,"n",57,68,0.05435,"v0"],[8.95757,"n",65,68,0.05859,"v0"],[9.42632,"n",57,68,0.06148,"v0"],[9.95,"n",65,68,0.05435,"v0"],[10.38478,"n",57,68,0.05435,"v0"],[10.81956,"n",65,68,0.05682,"v0"],[11.27411,"n",57,68,0.06048,"v0"],[11.7792,"n",55,112,0.05435,"v0"],[12.64876,"n",54,112,0.05435,"v0"],[13.51833,"n",53,112,0.05435,"v0"],[14.38789,"n",52,112,0.06148,"v0"],[15.47969,"n",51,112,0.05357,"v0"],[15.90826,"n",58,68,0.05357,"v0"],[16.33684,"n",67,68,0.05357,"v0"],[16.76541,"n",58,68,0.05357,"v0"],[17.19398,"n",67,68,0.05357,"v0"],[17.62255,"n",58,68,0.05357,"v0"],[18.05112,"n",67,68,0.05859,"v0"],[18.51987,"n",58,68,0.06148,"v0"],[19.03363,"n",51,112,0.05435,"v0"],[19.46841,"n",60,68,0.05435,"v0"],[19.90319,"n",69,68,0.05435,"v0"],[20.33797,"n",60,68,0.05435,"v0"],[20.77276,"n",69,68,0.05435,"v0"],[21.20754,"n",60,68,0.05435,"v0"],[21.64232,"n",69,68,0.05682,"v0"],[22.09686,"n",60,68,0.06356,"v0"],[22.60534,"n",50,