{"name":"mus_contest_results","title":"Contest Results","reverb":50,"loopStart":0.46875,"loopEnd":15.46875,"tracks":[[[0.0,"ls",44],[0.0,"p",4],[0.0,"ls",44],[0.0,"br",12],[0.0,"v",46],[0.46875,"n",91,112,0.03906,"v0"],[0.625,"n",91,64,0.03906,"v0"],[0.78125,"n",91,64,0.03906,"v0"],[0.9375,"n",91,112,0.03906,"v0"],[1.09375,"n",91,64,0.03906,"v0"],[1.25,"n",91,64,0.03906,"v0"],[1.40625,"n",91,112,0.03906,"v0"],[1.5625,"n",91,64,0.03906,"v0"],[1.71875,"n",91,64,0.03906,"v0"],[1.875,"n",91,112,0.03906,"v0"],[2.03125,"n",91,64,0.03906,"v0"],[2.1875,"n",91,64,0.03906,"v0"],[2.34375,"n",91,112,0.03906,"v0"],[2.5,"n",91,64,0.03906,"v0"],[2.65625,"n",91,64,0.03906,"v0"],[2.8125,"n",91,112,0.03906,"v0"],[2.96875,"n",91,64,0.03906,"v0"],[3.125,"n",91,64,0.03906,"v0"],[3.28125,"n",91,112,0.03906,"v0"],[3.4375,"n",91,64,0.03906,"v0"],[3.51562,"n",91,60,0.03906,"v0"],[3.59375,"n",91,64,0.03906,"v0"],[3.75,"n",91,112,0.03906,"v0"],[3.90625,"n",91,64,0.03906,"v0"],[4.0625,"n",91,64,0.03906,"v0"],[4.21875,"n",91,112,0.03906,"v0"],[4.375,"n",91,64,0.03906,"v0"],[4.53125,"n",91,64,0.03906,"v0"],[4.6875,"n",91,112,0.03906,"v0"],[4.84375,"n",91,64,0.03906,"v0"],[5.0,"n",91,64,0.03906,"v0"],[5.15625,"n",91,112,0.03906,"v0"],[5.3125,"n",91,64,0.03906,"v0"],[5.46875,"n",91,64,0.03906,"v0"],[5.625,"n",91,112,0.03906,"v0"],[5.78125,"n",91,64,0.03906,"v0"],[5.9375,"n",91,64,0.03906,"v0"],[6.09375,"n",91,112,0.03906,"v0"],[6.25,"n",91,64,0.03906,"v0"],[6.40625,"n",91,64,0.03906,"v0"],[6.5625,"n",91,112,0.03906,"v0"],[6.71875,"n",91,64,0.03906,"v0"],[6.875,"n",91,64,0.03906,"v0"],[7.03125,"n",91,112,0.03906,"v0"],[7.1875,"n",91,64,0.03906,"v0"],[7.26562,"n",91,60,0.03906,"v0"],[7.34375,"n",91,64,0.03906,"v0"],[7.5,"n",91,112,0.03906,"v0"],[7.65625,"n",91,64,0.03906,"v0"],[7.8125,"n",91,64,0.03906,"v0"],[7.96875,"n",91,112,0.03906,"v0"],[8.125,"n",91,64,0.03906,"v0"],[8.28125,"n",91,64,0.03906,"v0"],[8.4375,"n",91,112,0.03906,"v0"],[8.59375,"n",91,64,0.03906,"v0"],[8.75,"n",91,64,0.03906,"v0"],[8.90625,"n",91,112,0.03906,"v0"],[9.0625,"n",91,64,0.03906,"v0"],[9.21875,"n",91,64,0.03906,"v0"],[9.375,"n",91,112,0.03906,"v0"],[9.53125,"n",91,64,0.03906,"v0"],[9.6875,"n",91,64,0.03906,"v0"],[9.84375,"n",91,112,0.03906,"v0"],[10.0,"n",91,64,0.03906,"v0"],[10.15625,"n",91,64,0.03906,"v0"],[10.3125,"n",91,112,0.03906,"v0"],[10.46875,"n",91,64,0.03906,"v0"],[10.625,"n",91,64,0.03906,"v0"],[10.78125,"n",91,112,0.03906,"v0"],[10.9375,"n",91,64,0.03906,"v0"],[11.01562,"n",91,60,0.03906,"v0"],[11.09375,"n",91,64,0.03906,"v0"],[11.25,"n",91,112,0.03906,"v0"],[11.40625,"n",91,64,0.03906,"v0"],[11.5625,"n",91,64,0.03906,"v0"],[11.71875,"n",91,112,0.03906,"v0"],[11.875,"n",91,64,0.03906,"v0"],[12.03125,"n",91,64,0.03906,"v0"],[12.1875,"n",91,112,0.03906,"v0"],[12.34375,"n",91,64,0.03906,"v0"],[12.5,"n",91,64,0.03906,"v0"],[12.65625,"n",91,112,0.03906,"v0"],[12.8125,"n",91,64,0.03906,"v0"],[12.96875,"n",91,64,0.03906,"v0"],[13.125,"n",91,112,0.03906,"v0"],[13.28125,"n",91,64,0.03906,"v0"],[13.4375,"n",91,64,0.03906,"v0"],[13.59375,"n",91,112,0.03906,"v0"],[13.75,"n",91,64,0.03906,"v0"],[13.90625,"n",91,64,0.03906,"v0"],[14.0625,"n",91,112,0.03906,"v0"],[14.21875,"n",91,64,0.03906,"v0"],[14.375,"n",91,64,0.03906,"v0"],[14.53125,"n",91,112,0.03906,"v0"],[14.6875,"n",91,64,0.03906,"v0"],[14.76562,"n",91,60,0.03906,"v0"],[14.84375,"n",91,64,0.03906,"v0"],[15.0,"n",91,112,0.03906,"v0"],[15.15625,"n",91,64,0.03906,"v0"],[15.3125,"n",91,64,0.03906,"v0"]],[[0.0,"ls",44],[0.0,"br",12],[0.0,"p",0],[0.0,"v",57],[0.46875,"n",71,112,0.39062,"v1"],[0.9375,"n",70,112,0.07812,"v1"],[1.25,"n",71,112,0.07812,"v1"],[1.40625,"n",73,112,0.15625,"v1"],[1.71875,"n",76,112,0.07812,"v1"],[1.875,"n",71,112,0.15625,"v1"],[2.34375,"n",66,112,0.15625,"v1"],[2.8125,"n",66,112,0.15625,"v1"],[3.28125,"n",68,112,0.15625,"v1"],[3.59375,"n",75,112,0.07812,"v1"],[3.75,"n",66,112,0.15625,"v1"],[3.90625,"n",68,112,0.07812,"v1"],[4.0625,"n",66,112,0.07812,"v1"],[4.21875,"n",64,112,0.15625,"v1"],[4.6875,"n",64,112,0.15625,"v1"],[5.15625,"n",66,112,0.15625,"v1"],[5.625,"n",64,112,0.15625,"v1"],[6.09375,"n",66,112,0.46875,"v1"],[6.5625,"n",65,112,0.15625,"v1"],[6.875,"n",66,112,0.15625,"v1"],[7.03125,"n",68,112,0.15625,"v1"],[7.5,"n",68,112,0.15625,"v1"],[7.96875,"n",71,112,0.23438,"v1"],[8.28125,"n",71,112,0.07812,"v1"],[8.4375,"n",71,112,0.07812,"v1"],[8.59375,"n",70,112,0.07812,"v1"],[8.75,"n",71,112,0.07812,"v1"],[8.90625,"n",73,112,0.15625,"v1"],[9.375,"n",71,112,0.15625,"v1"],[9.6875,"n",70,112,0.07812,"v1"],[9.84375,"n",66,112,0.15625,"v1"],[10.3125,"n",66,112,0.15625,"v1"],[10.78125,"n",71,112,0.15625,"v1"],[11.25,"n",73,112,0.15625,"v1"],[11.71875,"n",64,112,0.15625,"v1"],[11.71875,"n",76,112,0.46875,"v1"],[12.1875,"n",64,112,0.15625,"v1"],[12.1875,"n",75,112,0.15625,"v1"],[12.5,"n",71,112,0.15625,"v1"],[12.65625,"n",66,112,0.15625,"v1"],[12.65625,"n",72,112,0.15625,"v1"],[13.125,"n",64,112,0.15625,"v1"],[13.125,"n",73,112,0.15625,"v1"],[13.59375,"n",66,112,0.46875,"v1"],[14.0625,"n",65,112,0.15625,"v1"],[14.375,"n",66,112,0.15625,"v1"],[14.53125,"n",71,112,0.15625,"v1"],[15.0,"n",71,112,0.15625,"v1"]],[[0.0,"br",12],[0.0,"ls",44],[0.0,"br",12],[0.0,"ls",44],[0.0,"p",0],[0.0,"v",80],[0.0,"b",-48],[0.0,"n",35,112,0.46875,"v2"],[0.07812,"b",-32],[0.15625,"b",-18],[0.23438,"b",0],[0.46875,"b",0],[0.46875,"n",40,112,0.625,"v2"],[1.09375,"n",39,112,0.15625,"v2"],[1.25,"n",40,112,0.07812,"v2"],[1.40625,"n",40,112,0.70312,"v2"],[2.1875,"n",40,112,0.07812,"v2"],[2.34375,"n",39,112,0.625,"v2"],[2.96875,"n",38,112,0.15625,"v2"],[3.125,"n",37,112,0.07812,"v2"],[3.28125,"n",35,112,0.3125,"v2"],[3.59375,"n",35,112,0.07812,"v2"],[3.90625,"n",34,112,0.15625,"v2"],[4.0625,"n",35,112,0.07812,"v2"],[4.21875,"n",37,112,0.625,"v2"],[4.84375,"n",36,112,0.07812,"v2"],[5.0,"n",37,112,0.07812,"v2"],[5.15625,"n",42,112,0.3125,"v2"],[5.625,"n",42,112,0.15625,"v2"],[5.78125,"n",40,112,0.07812,"v2"],[5.9375,"n",39,112,0.07812,"v2"],[6.09375,"n",35,112,0.46875,"v2"],[6.5625,"n",34,112,0.15625,"v2"],[6.875,"n",35,112,0.07812,"v2"],[7.03125,"n",35,112,0.15625,"v2"],[7.34375,"n",35,112,0.07812,"v2"],[7.5,"n",35,112,0.15625,"v2"],[7.8125,"n",35,112,0.07812,"v2"],[7.96875,"n",40,112,0.23438,"v2"],[8.28125,"n",40,112,0.07812,"v2"],[8.59375,"n",39,112,0.15625,"v2"],[8.75,"n",40,112,0.07812,"v2"],[8.90625,"n",40,112,0.70312,"v2"],[9.6875,"n",40,112,0.07812,"v2"],[9.84375,"n",39,112,0.625,"v2"],[10.46875,"n",38,112,0.15625,"v2"],[10.625,"n",37,112,0.07812,"v2"],[10.78125,"n",35,112,0.3125,"v2"],[11.09375,"n",35,112,0.07812,"v2"],[11.40625,"n",34,112,0.15625,"v2"],[11.5625,"n",35,112,0.07812,"v2"],[11.71875,"n",37,112,0.625,"v2"],[12.34375,"n",36,112,0.07812,"v2"],[12.5,"n",37,112,0.07812,"v2"],[12.65625,"n",42,112,0.3125,"v2"],[13.125,"n",42,112,0.15625,"v2"],[13.28125,"n",40,112,0.07812,"v2"],[13.4375,"n",39,112,0.07812,"v2"],[13.59375,"n",35,112,0.46875,"v2"],[14.0625,"n",34,112,0.15625,"v2"],[14.375,"n",35,112,0.07812,"v2"],[14.53125,"n",35,112,0.15625,"v2"],[14.84375,"n",35,112,0.07812,"v2"],[15.0,"n",35,112,0.15625,"v2"],[15.3125,"n",35,112,0.07812,"v2"]],[[0.0,"ls",44],[0.0,"br",12],[0.0,"p",2],[0.0,"v",50],[0.0,"n",66,112,0.46875,"v1"],[0.78125,"n",80,112,0.15625,"v1"],[0.9375,"n",82,112,0.07812,"v1"],[1.01562,"n",82,32,0.15625,"v1"],[1.25,"n",83,112,0.07812,"v1"],[1.40625,"n",82,112,0.3125,"v1"],[1.71875,"n",82,32,0.15625,"v1"],[1.875,"n",80,112,0.46875,"v1"],[2.34375,"n",78,112,0.9375,"v1"],[2.8125,"v",48],[2.8125,"m",6],[2.83203,"v",45],[2.89062,"v",43],[2.91016,"v",37],[2.96875,"v",36],[2.98828,"v",35],[3.04688,"v",28],[3.06641,"v",25],[3.125,"v",20],[3.14453,"v",18],[3.20312,"v",16],[3.22266,"v",15],[3.28125,"v",49],[3.28125,"m",0],[3.28125,"n",83,112,0.15625,"v1"],[3.4375,"n",83,32,0.15625,"v1"],[4.53125,"n",76,112,0.15625,"v1"],[4.6875,"n",78,112,0.07812,"v1"],[4.76562,"n",78,32,0.15625,"v1"],[5.0,"n",80,112,0.07812,"v1"],[5.15625,"n",78,112,0.15625,"v1"],[5.46875,"n",76,112,0.625,"v1"],[6.09375,"n",75,112,0.9375,"v1"],[6.5625,"m",7],[6.5625,"v",48],