{"name":"mus_b_pyramid_top","title":"Battle Pyramid Top","reverb":50,"loopStart":0.0,"loopEnd":10.66666,"tracks":[[[0.0,"v",76],[0.0,"p",-48],[0.0,"n",60,48,0.16667,"v0"],[0.16667,"n",72,48,0.16667,"v0"],[0.33333,"n",76,48,0.16667,"v0"],[0.5,"n",79,48,0.16667,"v0"],[0.66667,"p",0],[0.66667,"n",83,48,0.16667,"v0"],[0.83333,"n",86,48,0.16667,"v0"],[1.0,"n",88,48,0.16667,"v0"],[1.16667,"p",32],[1.16667,"n",91,48,0.16667,"v0"],[1.33333,"n",88,48,0.16667,"v0"],[1.5,"n",84,48,0.16667,"v0"],[1.66667,"n",79,48,0.16667,"v0"],[1.83333,"n",76,48,0.16667,"v0"],[2.0,"p",0],[2.0,"n",72,48,0.16667,"v0"],[2.16666,"n",67,48,0.16667,"v0"],[2.33333,"p",-48],[2.33333,"n",76,48,0.16667,"v0"],[2.5,"n",79,48,0.16667,"v0"],[2.66666,"p",48],[2.66666,"n",60,48,0.16667,"v0"],[2.83333,"n",72,48,0.16667,"v0"],[3.0,"n",77,48,0.16667,"v0"],[3.16666,"n",80,48,0.16667,"v0"],[3.33333,"p",0],[3.33333,"n",84,48,0.16667,"v0"],[3.5,"n",87,48,0.16667,"v0"],[3.66666,"n",89,48,0.16667,"v0"],[3.83333,"p",-32],[3.83333,"n",92,48,0.16667,"v0"],[4.0,"n",89,48,0.16667,"v0"],[4.16666,"n",87,48,0.16667,"v0"],[4.33333,"n",84,48,0.16667,"v0"],[4.5,"n",80,48,0.16667,"v0"],[4.66666,"p",0],[4.66666,"n",77,48,0.16667,"v0"],[4.83333,"n",72,48,0.16667,"v0"],[5.0,"p",48],[5.0,"n",77,48,0.16667,"v0"],[5.16666,"n",80,48,0.16667,"v0"],[5.33333,"p",-48],[5.33333,"n",60,48,0.16667,"v0"],[5.49999,"n",72,48,0.16667,"v0"],[5.66666,"n",76,48,0.16667,"v0"],[5.83333,"n",79,48,0.16667,"v0"],[5.99999,"p",0],[5.99999,"n",83,48,0.16667,"v0"],[6.16666,"n",86,48,0.16667,"v0"],[6.33333,"n",88,48,0.16667,"v0"],[6.49999,"p",32],[6.49999,"n",91,48,0.16667,"v0"],[6.66666,"n",88,48,0.16667,"v0"],[6.83333,"n",84,48,0.16667,"v0"],[6.99999,"n",79,48,0.16667,"v0"],[7.16666,"n",76,48,0.16667,"v0"],[7.33333,"p",0],[7.33333,"n",72,48,0.16667,"v0"],[7.49999,"n",67,48,0.16667,"v0"],[7.66666,"p",-48],[7.66666,"n",64,48,0.16667,"v0"],[7.83333,"n",62,48,0.16667,"v0"],[7.99999,"p",48],[7.99999,"n",60,48,0.16667,"v0"],[8.16666,"n",72,48,0.16667,"v0"],[8.33333,"n",75,48,0.16667,"v0"],[8.49999,"n",78,48,0.16667,"v0"],[8.66666,"p",0],[8.66666,"n",82,48,0.16667,"v0"],[8.83332,"n",85,48,0.16667,"v0"],[8.99999,"n",87,48,0.16667,"v0"],[9.16666,"p",-32],[9.16666,"n",90,48,0.16667,"v0"],[9.33332,"n",87,48,0.16667,"v0"],[9.49999,"n",82,48,0.16667,"v0"],[9.66666,"n",78,48,0.16667,"v0"],[9.83332,"n",75,48,0.16667,"v0"],[9.99999,"p",0],[9.99999,"n",70,48,0.16667,"v0"],[10.16666,"n",66,48,0.16667,"v0"],[10.33332,"p",48],[10.33332,"n",70,48,0.16667,"v0"],[10.49999,"n",75,48,0.16667,"v0"]],[[0.0,"ls",44],[0.0,"br",12],[0.0,"v",25],[0.0,"n",60,40,10.66666,"v1"],[0.05556,"v",26],[0.22222,"v",25],[0.5,"v",27],[0.55556,"v",28],[0.66667,"v",29],[0.72222,"v",30],[0.83333,"v",31],[0.88889,"v",32],[1.05555,"v",35],[1.16667,"v",37],[1.22222,"v",41],[1.33333,"v",44],[1.38889,"v",45],[1.5,"v",49],[1.55555,"v",51],[1.66667,"v",55],[1.72222,"v",61],[1.83333,"v",66],[1.88889,"v",69],[2.0,"v",70],[2.05555,"v",74],[2.16666,"v",75],[2.5,"v",76],[2.55555,"v",77],[2.66666,"v",25],[2.72222,"v",26],[2.88889,"v",25],[3.16666,"v",27],[3.22222,"v",28],[3.33333,"v",29],[3.38889,"v",30],[3.5,"v",31],[3.55555,"v",32],[3.72222,"v",35],[3.83333,"v",37],[3.88889,"v",41],[4.0,"v",44],[4.05555,"v",45],[4.16666,"v",49],[4.22222,"v",51],[4.33333,"v",55],[4.38888,"v",61],[4.5,"v",66],[4.55555,"v",69],[4.66666,"v",70],[4.72222,"v",74],[4.83333,"v",75],[5.16666,"v",76],[5.22222,"v",77],[5.33333,"v",25],[5.38888,"v",26],[5.55555,"v",25],[5.83333,"v",27],[5.88888,"v",28],[5.99999,"v",29],[6.05555,"v",30],[6.16666,"v",31],[6.22222,"v",32],[6.38888,"v",35],[6.49999,"v",37],[6.55555,"v",41],[6.66666,"v",44],[6.72222,"v",45],[6.83333,"v",49],[6.88888,"v",51],[6.99999,"v",55],[7.05555,"v",61],[7.16666,"v",66],[7.22221,"v",69],[7.33333,"v",70],[7.38888,"v",74],[7.49999,"v",75],[7.83333,"v",76],[7.88888,"v",77],[7.99999,"v",25],[8.05555,"v",26],[8.22221,"v",25],[8.49999,"v",27],[8.55555,"v",28],[8.66666,"v",29],[8.72221,"v",30],[8.83332,"v",31],[8.88888,"v",32],[9.05555,"v",35],[9.16666,"v",37],[9.22221,"v",41],[9.33332,"v",44],[9.38888,"v",45],[9.49999,"v",49],[9.55555,"v",51],[9.66666,"v",55],[9.72221,"v",61],[9.83332,"v",66],[9.88888,"v",69],[9.99999,"v",70],[10.05555,"v",74],[10.16666,"v",75],[10.49999,"v",76],[10.55555,"v",77]],[[0.0,"br",12],[0.0,"ls",44],[0.0,"br",12],[0.0,"ls",44],[0.0,"v",37],[0.0,"n",36,68,0.16667,"v2"],[0.5,"n",36,68,0.16667,"v2"],[1.0,"n",36,68,0.08333,"v2"],[1.16667,"n",36,68,0.08333,"v2"],[1.5,"n",36,68,0.16667,"v2"],[2.0,"n",36,68,0.16667,"v2"],[2.33333,"n",60,32,0.33333,"v2"],[2.66666,"n",36,68,0.16667,"v2"],[3.16666,"n",36,68,0.16667,"v2"],[3.66666,"n",36,68,0.08333,"v2"],[3.83333,"n",36,68,0.08333,"v2"],[4.16666,"n",36,68,0.16667,"v2"],[4.66666,"n",36,68,0.16667,"v2"],[5.0,"n",60,32,0.33333,"v2"],[5.33333,"n",36,68,0.16667,"v2"],[5.83333,"n",36,68,0.16667,"v2"],[6.33333,"n",36,68,0.08333,"v2"],[6.49999,"n",36,68,0.08333,"v2"],[6.83333,"n",36,68,0.16667,"v2"],[7.33333,"n",36,68,0.16667,"v2"],[7.66666,"n",60,32,0.33333,"v2"],[7.99999,"n",36,68,0.16667,"v2"],[8.49999,"n",36,68,0.16667,"v2"],[8.99999,"n",36,68,0.08333,"v2"],[9.16666,"n",36,68,0.08333,"v2"],[9.49999,"n",36,68,0.16667,"v2"],[9.99999,"n",36,68,0.16667,"v2"],[10.33332,"n",60,32,0.33333,"v2"]],[[0.0,"ls",44],[0.0,"br",12],[0.0,"v",50],[0.0,"n",64,44,2.66666,"v3"],[0.33333,"v",37],[0.66667,"v",32],[1.0,"v",25],[1.33333,"v",18],[1.66667,"v",12],[2.0,"v",7],[2.33333,"v",3],[2.66666,"v",50],[2.66666,"n",65,44,2.66666,"v3"],[3.0,"v",37],[3.33333,"v",32],[3.66666,"v",25],[4.0,"v",18],[4.33333,"v",12],[4.66666,"v",7],[5.0,"v",3],[5.33333,"v",50],[5.33333,"n",64,44,2.66666,"v3"],[5.66666,"v",37],[5.99999,"v",32],[6.33333,"v",25],[6.66666,"v",18],[6.99999,"v",12],[7.33333,"v",7],[7.66666,"v",3],[7.99999,"v",50],[7.99999,"n",63,44,2.66666,"v3"],[8.33333,"v",37],[8.66666,"v",32],[8.99999,"v",25],[9.33332,"v",18],[9.66666,"v",12],[9.99999,"v",7],[10.33332,"v",3],[10.66666,"v",0]],[[0.0,"p",-32],[0.0,"v",75],[0.0,"n",82,20,0.5,"v4"],[0.5,"n",76,48,1.16667,"v4"],[1.0,"v",62],[1.33333,"v",50],[1.5,"v",37],[1.66667,"p",23],[1.66667,"n",72,48,0.66667,"v4"],[2.0,"v",31],[2.16666,"v",25],[2.33333,"p",-32],[2.33333,"v",50],[2.33333,"n",84,48,0.83333,"v4"],[2.66666,"v",75],[2.83333,"v",37],[3.0,"v",25],[3.16666,"p",32],[3.16666,"n",77,48,1.16667,"v4"],[3.66666,"v",62],[4.0,"v",50],[4.16666,"v",37],[4.33333,"p",-24],[4.33333,"n",72,48,0.66667,"v4"],[4.66666,"v",31],[4.83333,"v",25],[5.0,"p",32],[5.0,"v",50],[5.0,"n",84,48,0.83333,"v4"],[5.33333,"p",-32],[5.33333,"v",75],[5.49999,"v",37],[5.66666,"v",25],[5.83333,"v",62],[5.83333,"n",76,48,1.0,"v4"],[6.33333,"v",50],[6.66666,"v",38],[6.83333,"v",37],[6.83333,"n",72,48,0.83333,"v4"],[6.99999,"p",23],[7.33333,"v",31],[7.49999,"v",25],[7.66666,"p",-32],[7.66666,"v",50],[7.66666,"n",84,48,0.83333,"v4"],[8.16666,"v",37],[8.33333,"v",62],[8.49999,"p",32],[8.49999,"n",75,48,0.83333,"v4"],[8.99999,"v",50],[9.33332,"v",38],[9.33332,"n",72,48,0.66667,"v4"],[9.49999,"v",37],[9.66666,"p",-24],[9.99999,"v",31],[9.99999,"n",82,48,0.66667,"v4"],[10.16666,"v",25],[10.33332,"p",32],[10.33332,"v",50]],[[0.0,"ls",44],[0.0,"ev",18],[0.0,"ev",16],[0.0,"br",12],[0.0,"v",25],[0.0,"n",60,48,0.16667,"v5"],[0.16667,"n",72,48,0.16667,"v5"],[0.33333,"n",76,48,0.16667,"v5"],[0.5,"n",79,48,0.16667,"v5"],[0.66667,"n",83,48,0.16667,"v5"],[0.83333,"n",86,48,0.16667,"v5"],[1.0,"n",88,48,0.16667,"v5"],[1.16667,"n",91,48,0.16667,"v5"],[1.33333,"n",88,48,0.16667,"v5"],[1.5,"n",84,48,0.16667,"v5"],[1.66667,"n",79,48,0.16667,"v5"],[1.83333,"n",76,48,0.16667,"v5"],[2.0,"n",72,48,0.16667,"v5"],[2.16666,"n",67,48,0.16667,"v5"],[2.33333,"n",76,48,0.16667,"v5"],[2.5,"n",79,48,0.16667,"v5"],[2.66666,"n",60,48,0.16667,"v5"],[2.83333,"n",72,48,0.16667,"v5"],[3.0,"n",77,48,0.16667,"v5"],[3.16666,"n",80,48,0.16667,"v5"],[3.33333,"n",84,48,0.16667,"v5"],[3.5,"n",87,48,0.16667,"v5"],[3.66666,"n",89,48,0.16667,"v5"],[3.83333,"n",92,48,0.16667,"v5"],[4.0,"n",89,48,0.16667,"v5"],[4.16666,"n",87,48,0.16667,"v5"],[4.33333,"n",84,48,