{"name":"mus_caught","title":"Caught","reverb":50,"loopStart":0.21429,"loopEnd":13.92856,"tracks":[[[0.21429,"p",0],[0.21429,"m",0],[0.21429,"v",80],[0.21429,"n",83,112,0.10714,"v0"],[0.42857,"n",81,112,0.10714,"v0"],[0.64286,"n",80,112,0.10714,"v0"],[0.85714,"n",81,112,0.10714,"v0"],[1.07143,"n",83,112,0.10714,"v0"],[1.28571,"n",83,112,0.10714,"v0"],[1.5,"n",83,112,0.10714,"v0"],[1.92857,"n",85,112,0.10714,"v0"],[2.14285,"n",85,112,0.10714,"v0"],[2.35714,"n",85,112,0.42857,"v0"],[2.57143,"m",5],[2.78571,"m",0],[2.78571,"n",83,112,0.10714,"v0"],[3.0,"n",83,112,0.10714,"v0"],[3.21428,"n",83,112,0.10714,"v0"],[3.64285,"n",83,112,0.10714,"v0"],[3.85714,"n",81,112,0.10714,"v0"],[4.07142,"n",80,112,0.10714,"v0"],[4.28571,"n",81,112,0.10714,"v0"],[4.5,"n",83,112,0.10714,"v0"],[4.71428,"n",83,112,0.10714,"v0"],[4.92857,"n",83,112,0.10714,"v0"],[5.35714,"n",85,112,0.10714,"v0"],[5.57142,"n",85,112,0.10714,"v0"],[5.78571,"n",85,112,0.42857,"v0"],[5.99999,"m",5],[6.21428,"m",0],[6.21428,"n",83,112,0.10714,"v0"],[6.64285,"n",72,112,0.10714,"v0"],[6.74999,"n",76,112,0.10714,"v0"],[6.85714,"n",79,112,0.10714,"v0"],[6.96428,"n",82,112,0.10714,"v0"],[7.07142,"n",84,112,0.10714,"v0"],[7.28571,"n",82,112,0.10714,"v0"],[7.49999,"n",81,112,0.10714,"v0"],[7.71428,"n",82,112,0.10714,"v0"],[7.92856,"n",84,112,0.10714,"v0"],[8.14285,"n",84,112,0.10714,"v0"],[8.35713,"n",84,112,0.10714,"v0"],[8.78571,"n",86,112,0.10714,"v0"],[8.99999,"n",86,112,0.10714,"v0"],[9.21428,"n",86,112,0.42857,"v0"],[9.42856,"m",5],[9.64285,"m",0],[9.64285,"n",84,112,0.10714,"v0"],[9.85713,"n",84,112,0.10714,"v0"],[10.07142,"n",84,112,0.10714,"v0"],[10.49999,"n",84,112,0.10714,"v0"],[10.71428,"n",82,112,0.10714,"v0"],[10.92856,"n",81,112,0.10714,"v0"],[11.14285,"n",82,112,0.10714,"v0"],[11.35713,"n",84,112,0.10714,"v0"],[11.57142,"n",84,112,0.10714,"v0"],[11.7857,"n",84,112,0.10714,"v0"],[12.21427,"n",86,112,0.10714,"v0"],[12.42856,"n",86,112,0.10714,"v0"],[12.64284,"n",86,112,0.42857,"v0"],[12.85713,"m",5],[13.07142,"m",0],[13.07142,"n",84,112,0.10714,"v0"],[13.49999,"n",71,112,0.10714,"v0"],[13.60713,"n",75,112,0.10714,"v0"],[13.71427,"n",78,112,0.10714,"v0"],[13.82141,"n",81,112,0.10714,"v0"]],[[0.21429,"p",0],[0.21429,"m",0],[0.21429,"v",80],[0.42857,"n",64,92,0.10714,"v1"],[0.85714,"n",64,92,0.10714,"v1"],[1.28571,"n",64,92,0.10714,"v1"],[1.71428,"n",64,92,0.10714,"v1"],[1.92857,"n",64,92,0.10714,"v1"],[2.57143,"p",10],[2.57143,"n",45,112,0.21429,"v2"],[2.78571,"n",47,112,0.21429,"v2"],[3.64285,"p",0],[3.85714,"n",64,92,0.10714,"v1"],[4.28571,"n",64,92,0.10714,"v1"],[4.71428,"n",64,92,0.10714,"v1"],[5.14285,"n",64,92,0.10714,"v1"],[5.35714,"n",64,92,0.10714,"v1"],[5.78571,"p",10],[5.78571,"n",45,112,0.21429,"v2"],[6.21428,"n",47,112,0.21429,"v2"],[7.07142,"p",0],[7.28571,"n",65,92,0.10714,"v1"],[7.71428,"n",65,92,0.10714,"v1"],[8.14285,"n",65,92,0.10714,"v1"],[8.57142,"n",65,92,0.10714,"v1"],[8.78571,"n",65,92,0.10714,"v1"],[9.42856,"p",10],[9.42856,"n",46,112,0.21429,"v2"],[9.64285,"n",48,112,0.21429,"v2"],[10.49999,"p",0],[10.71428,"n",65,92,0.10714,"v1"],[11.14285,"n",65,92,0.10714,"v1"],[11.57142,"n",65,92,0.10714,"v1"],[11.99999,"n",65,92,0.10714,"v1"],[12.21427,"n",65,92,0.10714,"v1"],[12.64284,"p",10],[12.64284,"n",46,112,0.21429,"v2"],[13.07142,"n",48,112,0.21429,"v2"]],[[0.21429,"v",80],[0.21429,"n",40,127,0.375,"v3"],[0.42857,"v",73],[0.48214,"v",61],[0.53571,"v",37],[0.58929,"v",25],[0.64286,"v",80],[0.64286,"n",35,127,0.375,"v3"],[0.85714,"v",73],[0.91071,"v",61],[0.96428,"v",37],[1.01786,"v",25],[1.07143,"v",80],[1.07143,"n",40,127,0.375,"v3"],[1.28571,"v",73],[1.33928,"v",61],[1.39286,"v",37],[1.44643,"v",25],[1.5,"v",80],[1.5,"n",35,127,0.375,"v3"],[1.71428,"v",73],[1.76786,"v",61],[1.82143,"v",37],[1.875,"v",25],[1.92857,"v",80],[1.92857,"n",45,127,0.85714,"v4"],[2.03571,"v",67],[2.08928,"v",58],[2.19643,"v",54],[2.30357,"v",57],[2.41071,"v",64],[2.46428,"v",69],[2.51785,"v",76],[2.625,"v",80],[2.78571,"v",62],[2.78571,"n",47,127,0.85714,"v4"],[2.89285,"v",65],[3.0,"v",67],[3.10714,"v",69],[3.21428,"v",73],[3.375,"v",76],[3.48214,"v",80],[3.64285,"n",40,127,0.375,"v3"],[3.85714,"v",73],[3.91071,"v",61],[3.96428,"v",37],[4.01785,"v",25],[4.07142,"v",80],[4.07142,"n",35,127,0.375,"v3"],[4.28571,"v",73],[4.33928,"v",61],[4.39285,"v",37],[4.44642,"v",25],[4.5,"v",80],[4.5,"n",40,127,0.375,"v3"],[4.71428,"v",73],[4.76785,"v",61],[4.82142,"v",37],[4.875,"v",25],[4.92857,"v",80],[4.92857,"n",35,127,0.375,"v3"],[5.14285,"v",73],[5.19642,"v",61],[5.24999,"v",37],[5.30357,"v",25],[5.35714,"v",80],[5.35714,"n",45,127,0.42857,"v4"],[5.57142,"v",73],[5.62499,"v",61],[5.67857,"v",37],[6.21428,"v",80],[6.21428,"n",40,127,0.375,"v3"],[6.42856,"v",73],[6.48214,"v",61],[6.53571,"v",37],[6.58928,"v",25],[6.64285,"v",80],[6.64285,"n",36,127,0.375,"v3"],[6.85714,"v",73],[6.91071,"v",61],[6.96428,"v",37],[7.01785,"v",25],[7.07142,"v",80],[7.07142,"n",41,127,0.375,"v3"],[7.28571,"v",73],[7.33928,"v",61],[7.39285,"v",37],[7.44642,"v",25],[7.49999,"v",80],[7.49999,"n",36,127,0.375,"v3"],[7.71428,"v",73],[7.76785,"v",61],[7.82142,"v",37],[7.87499,"v",25],[7.92856,"v",80],[7.92856,"n",41,127,0.375,"v3"],[8.14285,"v",73],[8.19642,"v",61],[8.24999,"v",37],[8.30356,"v",25],[8.35713,"v",80],[8.35713,"n",36,127,0.375,"v3"],[8.57142,"v",73],[8.62499,"v",61],[8.67856,"v",37],[8.73213,"v",25],[8.78571,"v",80],[8.78571,"n",46,127,0.85714,"v4"],[8.89285,"v",67],[8.94642,"v",58],[9.05356,"v",54],[9.16071,"v",57],[9.26785,"v",64],[9.32142,"v",69],[9.37499,"v",76],[9.48213,"v",80],[9.64285,"v",62],[9.64285,"n",48,127,0.85714,"v4"],[9.74999,"v",65],[9.85713,"v",67],[9.96428,"v",69],[10.07142,"v",73],[10.23213,"v",76],[10.33928,"v",80],[10.49999,"n",41,127,0.375,"v3"],[10.71428,"v",73],[10.76785,"v",61],[10.82142,"v",37],[10.87499,"v",25],[10.92856,"v",80],[10.92856,"n",36,127,0.375,"v3"],[11.14285,"v",73],[11.19642,"v",61],[11.24999,"v",37],[11.30356,"v",25],[11.35713,"v",80],[11.35713,"n",41,127,0.375,"v3"],[11.57142,"v",73],[11.62499,"v",61],[11.67856,"v",37],[11.73213,"v",25],[11.7857,"v",80],[11.7857,"n",36,127,0.375,"v3"],[11.99999,"v",73],[12.05356,"v",61],[12.10713,"v",37],[12.1607,"v",25],[12.21427,"v",80],[12.21427,"n",46,127,0.42857,"v4"],[12.42856,"v",73],[12.48213,"v",61],[12.5357,"v",37],[13.07142,"v",80],[13.07142,"n",41,127,0.42857,"v3"],[13.2857,"v",73],[13.33927,"v",61],[13.39284,"v",37],[13.44642,"v",25],[13.49999,"v",80],[13.49999,"n",35,127,0.42857,"v3"],[13.71427,"v",73],[13.76784,"v",61],[13.82141,"v",37],[13.87499,"v",25]],[[0.21429,"p",0],[0.21429,"v",80],[0.42857,"n",59,60,0.10714,"v5"],[0.85714,"n",59,60,0.10714,"v5"],[1.28571,"n",59,60,0.10714,"v5"],[1.71428,"n",59,60,0.10714,"v5"],[1.92857,"n",61,60,0.10714,"v5"],[3.85714,"n",59,60,0.10714,"v5"],[4.28571,"n",59,60,0.10714,"v5"],[4.71428,"n",59,60,0.10714,"v5"],[5.14285,"n",59,60,0.10714,"v5"],[5.35714,"n",61,60,0.10714,"v5"],[7.28571,"n",60,60,0.10714,"v5"],[7.71428,"n",60,60,0.10714,"v5"],[8.14285,"n",60,60,0.10714,"v5"],[8.57142,"n",60,60,0.10714,"v5"],[8.78571,"n",62,60,0.10714,"v5"],[10.71428,"n",60,60,0.10714,"v5"],[11.14285,"n",60,60,0.10714,"v5"],[11.57142,"n",60,60,0.10714,"v5"],[11.99999,"n",60,60,0.10714,"v5"],[12.21427,"n",62,60,0.10714,"v5"]],[[0.21429,"p",48],[0.21429,"v",80],[0.21429,"n",95,32,0.05357,"v6"],[0.42857,"n",93,32,0.05357,"v6"],[0.64286,"n",92,32,0.05357,"v6"],[0.85714,"n",93,32,0.05357,"v6"],[1.07143,"n",95,32,0.05357,"v6"],[1.28571,"n",95,32,0.05357,"v6"],[1.5,"n",95,32,0.05357,"v6"],[1.92857,"n",97,32,0.05357,"v6"],[2.14285,"n",97,32,0.05357,"v6"],[2.35714,"n",97,32,0.05357,"v6"],[2.78571,"n",95,32,0.05357,"v6"],[3.0,"n",95,32,0.05357,"v6"],[3.21428,"n",95,32,0.05357,"v6"],[3.64285,"n",95,32,0.05357,"v6"],[3.85714,"n",93,32,0.05357,"v6"],[4.07142,"n",92,32,0.05357,"v6"],[4.28571,"n",93,32,0.05357,"v6"],[4.5,"n",95,32,0.05357,"v6"],[4.71428,"n",95,32,0.05357,"v6"],[4.92857,"n",95,32,0.05357,"v6"],[5.35714,"n",97,32,0.05357,"v6"],[5.57142,"n",97,32,0.05357,"v6"],[5.78571,"n",97,32,0.05357,"v6"],[6.21428,"n",95,