{"name":"mus_encounter_female","title":"Encounter Female","reverb":50,"loopStart":2.66666,"loopEnd":13.33332,"tracks":[[[0.0,"v",63],[0.0,"p",0],[0.0,"n",63,112,0.16667,"v0"],[0.16667,"n",75,112,1.16667,"v1"],[1.33333,"p",0],[1.33333,"n",73,112,0.16667,"v1"],[1.5,"n",72,112,0.16667,"v1"],[1.66667,"n",70,112,0.16667,"v0"],[1.83333,"n",68,112,0.16667,"v0"],[2.0,"n",67,112,0.08333,"v0"],[2.08333,"n",65,112,0.08333,"v0"],[2.16666,"n",67,112,0.08333,"v0"],[2.25,"n",68,112,0.08333,"v0"],[2.33333,"n",70,112,0.08333,"v0"],[2.41666,"n",68,112,0.08333,"v0"],[2.5,"n",70,112,0.08333,"v0"],[2.58333,"n",75,112,0.08333,"v1"],[2.66666,"p",-39],[2.83333,"n",68,112,0.08333,"v0"],[2.91666,"n",69,112,0.08333,"v0"],[3.0,"n",70,112,0.16667,"v0"],[3.16666,"n",70,32,0.16667,"v0"],[3.5,"n",70,112,0.16667,"v0"],[3.66666,"n",70,32,0.16667,"v0"],[4.16666,"n",70,112,0.16667,"v0"],[4.33333,"n",70,32,0.16667,"v0"],[4.5,"n",75,112,0.16667,"v1"],[4.66666,"n",70,112,0.16667,"v0"],[4.83333,"n",68,112,0.16667,"v0"],[5.0,"n",70,112,0.16667,"v0"],[5.16666,"n",68,112,0.16667,"v0"],[5.49999,"n",69,112,0.08333,"v0"],[5.58333,"n",68,112,0.08333,"v0"],[5.66666,"n",67,112,0.16667,"v0"],[5.83333,"n",67,32,0.16667,"v0"],[6.16666,"n",67,112,0.16667,"v0"],[6.33333,"n",67,32,0.16667,"v0"],[6.83333,"n",67,112,0.16667,"v0"],[6.99999,"n",67,32,0.16667,"v0"],[7.16666,"n",75,112,0.16667,"v1"],[7.33333,"n",67,112,0.16667,"v0"],[7.49999,"n",65,112,0.16667,"v0"],[7.66666,"n",67,112,0.16667,"v0"],[7.83333,"n",65,112,0.16667,"v0"],[8.16666,"n",66,112,0.08333,"v0"],[8.24999,"n",67,112,0.08333,"v0"],[8.33333,"n",68,112,0.16667,"v0"],[8.49999,"n",68,32,0.16667,"v0"],[8.83332,"n",68,112,0.16667,"v0"],[8.99999,"n",68,32,0.16667,"v0"],[9.49999,"n",68,112,0.16667,"v0"],[9.66666,"n",68,32,0.16667,"v0"],[9.83332,"n",68,112,0.16667,"v0"],[9.99999,"n",68,112,0.16667,"v0"],[10.16666,"n",67,112,0.16667,"v0"],[10.33332,"n",68,112,0.16667,"v0"],[10.49999,"n",69,112,0.16667,"v0"],[10.99999,"n",75,112,0.16667,"v1"],[11.16666,"n",75,32,0.16667,"v1"],[11.49999,"n",73,112,0.16667,"v1"],[11.66666,"n",73,32,0.16667,"v1"],[11.83332,"n",72,112,0.16667,"v1"],[11.99999,"n",72,32,0.16667,"v1"],[12.16665,"n",72,112,0.16667,"v1"],[12.33332,"n",72,32,0.16667,"v1"],[12.49999,"n",70,112,0.16667,"v0"],[12.66665,"n",72,112,0.16667,"v1"],[12.83332,"n",67,112,0.16667,"v0"],[12.99999,"n",68,112,0.16667,"v0"],[13.16665,"n",69,112,0.16667,"v0"]],[[0.0,"ls",44],[0.0,"p",0],[0.0,"v",45],[0.0,"b",0],[2.66666,"n",90,72,0.08333,"v2"],[2.75,"n",91,80,0.08333,"v2"],[2.83333,"n",92,92,0.08333,"v2"],[2.91666,"n",93,96,0.08333,"v2"],[3.0,"n",94,112,1.0,"v2"],[3.08333,"v",31],[3.13889,"v",32],[3.22222,"v",34],[3.33333,"m",5],[3.33333,"v",36],[3.38889,"v",38],[3.47222,"v",40],[3.55555,"v",45],[3.66666,"v",52],[3.72222,"v",56],[3.80555,"v",53],[3.83333,"v",59],[3.88889,"v",54],[3.91666,"v",63],[4.0,"m",0],[4.0,"v",45],[4.0,"n",94,32,0.16667,"v2"],[4.16666,"n",94,112,0.16667,"v2"],[4.33333,"n",94,32,0.08333,"v2"],[4.41666,"n",100,112,0.08333,"v2"],[4.5,"n",99,112,0.16667,"v2"],[4.66666,"n",94,112,0.16667,"v2"],[4.83333,"n",92,112,0.16667,"v2"],[5.0,"n",93,84,0.08333,"v2"],[5.08333,"n",94,84,0.08333,"v2"],[5.16666,"n",92,112,0.16667,"v2"],[5.33333,"n",91,112,1.33333,"v2"],[5.49999,"v",29],[5.55555,"v",30],[5.66666,"v",31],[5.72222,"v",31],[5.80555,"v",34],[5.88888,"v",35],[5.99999,"m",5],[5.99999,"v",37],[6.05555,"v",40],[6.13888,"v",45],[6.22222,"v",53],[6.33333,"v",57],[6.38888,"v",61],[6.47222,"v",64],[6.55555,"v",66],[6.66666,"m",0],[6.66666,"v",45],[6.66666,"n",91,32,0.16667,"v2"],[6.83333,"n",91,112,0.16667,"v2"],[6.99999,"n",91,32,0.08333,"v2"],[7.08333,"n",100,112,0.08333,"v2"],[7.16666,"n",99,112,0.16667,"v2"],[7.33333,"n",91,112,0.16667,"v2"],[7.49999,"n",89,112,0.16667,"v2"],[7.66666,"n",90,88,0.08333,"v2"],[7.74999,"n",91,88,0.08333,"v2"],[7.83333,"n",89,112,0.16667,"v2"],[8.16666,"n",94,112,0.08333,"v2"],[8.24999,"v",43],[8.24999,"n",96,112,0.08333,"v2"],[8.33333,"v",39],[8.33333,"n",97,112,1.0,"v2"],[8.38888,"v",36],[8.47221,"v",34],[8.55555,"v",29],[8.66666,"m",5],[8.66666,"v",27],[8.72221,"v",26],[8.91666,"v",34],[8.99999,"v",36],[9.08332,"v",40],[9.16666,"v",54],[9.22221,"v",53],[9.24999,"v",63],[9.33332,"m",0],[9.33332,"v",45],[9.33332,"n",97,32,0.16667,"v2"],[9.49999,"n",97,112,0.16667,"v2"],[9.66666,"n",97,32,0.16667,"v2"],[9.83332,"n",99,112,0.16667,"v2"],[9.99999,"n",97,112,0.16667,"v2"],[10.16666,"n",97,32,0.16667,"v2"],[10.33332,"n",89,112,0.16667,"v2"],[10.49999,"n",94,84,0.08333,"v2"],[10.58332,"n",95,84,0.08333,"v2"],[10.66666,"v",36],[10.66666,"n",96,112,1.0,"v2"],[10.72221,"v",37],[10.80554,"v",40],[10.88888,"v",44],[10.99999,"v",47],[11.05554,"v",49],[11.13888,"v",53],[11.22221,"v",56],[11.33332,"m",7],[11.33332,"v",59],[11.38888,"v",60],[11.47221,"v",62],[11.66666,"m",0],[11.66666,"v",45],[11.66666,"n",97,112,0.16667,"v2"],[11.83332,"n",96,112,0.16667,"v2"],[11.99999,"n",94,112,0.25,"v2"],[12.24999,"n",98,84,0.08333,"v2"],[12.33332,"n",99,112,0.16667,"v2"],[12.49999,"n",97,112,0.16667,"v2"],[12.66665,"n",96,112,0.16667,"v2"],[12.83332,"n",91,112,0.16667,"v2"],[12.99999,"n",89,112,0.16667,"v2"],[13.16665,"n",91,112,0.16667,"v2"]],[[0.0,"p",0],[0.0,"v",72],[0.0,"br",12],[0.0,"b",0],[2.0,"b",-7],[2.0,"n",51,112,0.66667,"v3"],[2.08333,"b",0],[2.33333,"b",-64],[2.66666,"b",0],[2.66666,"n",44,112,0.16667,"v3"],[2.83333,"n",44,32,0.16667,"v3"],[3.16666,"n",44,112,0.16667,"v3"],[3.33333,"n",51,112,0.5,"v3"],[3.83333,"n",44,112,0.08333,"v3"],[4.0,"n",44,112,0.16667,"v3"],[4.16666,"n",51,112,0.08333,"v3"],[4.25,"n",51,32,0.08333,"v3"],[4.33333,"n",44,112,0.33333,"v3"],[4.66666,"n",51,112,0.16667,"v3"],[4.83333,"n",51,32,0.16667,"v3"],[5.0,"n",44,112,0.16667,"v3"],[5.16666,"n",43,112,0.16667,"v3"],[5.33333,"n",44,112,0.16667,"v3"],[5.49999,"n",44,32,0.16667,"v3"],[5.83333,"n",44,112,0.16667,"v3"],[5.99999,"n",51,112,0.5,"v3"],[6.49999,"n",44,112,0.08333,"v3"],[6.66666,"n",44,112,0.16667,"v3"],[6.83333,"n",51,112,0.08333,"v3"],[6.91666,"n",51,32,0.08333,"v3"],[6.99999,"n",44,112,0.33333,"v3"],[7.33333,"n",51,112,0.16667,"v3"],[7.49999,"n",44,112,0.16667,"v3"],[7.66666,"n",51,112,0.16667,"v3"],[7.83333,"n",50,112,0.16667,"v3"],[7.99999,"n",46,112,0.16667,"v3"],[8.16666,"n",46,32,0.16667,"v3"],[8.49999,"n",46,112,0.16667,"v3"],[8.66666,"n",53,112,0.5,"v3"],[9.16666,"n",46,112,0.08333,"v3"],[9.33332,"n",46,112,0.16667,"v3"],[9.49999,"n",53,112,0.08333,"v3"],[9.58332,"n",53,32,0.08333,"v3"],[9.66666,"n",46,112,0.33333,"v3"],[9.99999,"n",46,112,0.16667,"v3"],[10.16666,"n",44,112,0.16667,"v3"],[10.33332,"n",46,112,0.16667,"v3"],[10.49999,"n",48,112,0.16667,"v3"],[10.66666,"n",51,112,0.16667,"v3"],[10.83332,"n",51,32,0.16667,"v3"],[11.16666,"n",51,112,0.16667,"v3"],[11.33332,"n",58,112,0.5,"v3"],[11.83332,"n",51,112,0.08333,"v3"],[11.99999,"n",51,112,0.16667,"v3"],[12.22221,"n",58,112,0.08333,"v3"],[12.33332,"n",46,112,0.33333,"v3"],[12.33332,"n",58,32,0.08333,"v3"],[12.66665,"n",51,112,0.16667,"v3"],[12.83332,"n",46,112,0.16667,"v3"],[12.99999,"n",48,112,0.16667,"v3"],[13.16665,"n",49,112,0.16667,"v3"]],[[0.0,"p",0],[0.0,"v",51],[0.66667,"n",63,112,0.16667,"v0"],[0.83333,"n",75,112,0.16667,"v1"],[1.0,"n",87,112,0.16667,"v1"],[1.16667,"n",63,112,0.16667,"v0"],[1.33333,"n",65,112,0.16667,"v0"],[1.5,"n",63,112,0.16667,"v0"],[1.66667,"n",61,112,0.16667,"v0"],[1.83333,"n",60,112,0.16667,"v0"],[2.0,"n",58,112,0.08333,"v0"],[2.08333,"n",56,112,0.08333,"v0"],[2.16666,"n",58,112,0.08333,"v0"],[2.25,"n",61,112,0.08333,"v0"],[2.33333,"n",63,112,0.08333,"v0"],[2.41666,"n",61,112,0.08333,"v0"],[2.5,"n",63,112,0.08333,"v0"],[2.58333,"n",67,112,0.08333,"v0"]],[[0.0,"ls",44],[0.0,"v",27],[0.0,"p",63],[2.66666,"n",78,72,0.08333,"v4"],[2.75,"n",79,80,0.08333,"v4"],[2.83333,"n",80,92,0.08333,"v4"],[2.91666,"n",81,96,0.08333,"v4"],[3.0,"n",82,104,1.0,"v4"],[3.66666,"m",7],[4.0,"m",0],[4.0,"n",82,32,0.16667,"v4"],[4.16666,"n",82,100,0.16667,"v4"],[4.33333,"n",82,32,0.08333,"v4"],[4.41666,"n",88,80,0.08333,"v4"],[4.5,"n",87,80,0.16667,"v4"],[4.66666,"n",82,96,0.16667,