{"name":"mus_heal","title":"Heal","reverb":50,"loopStart":null,"loopEnd":null,"tracks":[[[0.0,"v",90],[0.0,"p",0],[0.0,"n",83,112,0.22727,"v0"],[0.22727,"n",83,52,0.11364,"v0"],[0.45454,"n",83,112,0.22727,"v0"],[0.68182,"n",83,52,0.11364,"v0"],[0.90909,"n",83,112,0.22727,"v0"],[1.13636,"n",80,112,0.22727,"v0"],[1.36364,"n",88,112,0.22727,"v0"],[1.59091,"n",88,52,0.11364,"v0"]],[[0.0,"v",90],[0.0,"p",48],[0.0,"n",76,80,0.11364,"v0"],[0.22727,"n",76,20,0.11364,"v0"],[0.45454,"n",76,80,0.11364,"v0"],[0.68182,"n",76,20,0.11364,"v0"],[0.90909,"n",76,80,0.11364,"v0"],[1.13636,"n",76,20,0.11364,"v0"],[1.36364,"n",83,80,0.11364,"v0"],[1.59091,"n",83,20,0.11364,"v0"]],[[0.0,"v",90],[0.0,"p",-47],[0.22727,"n",68,80,0.11364,"v0"],[0.45454,"n",68,24,0.11364,"v0"],[0.68182,"n",68,80,0.11364,"v0"],[0.90909,"n",68,24,0.11364,"v0"],[1.13636,"n",68,80,0.11364,"v0"],[1.36364,"n",64,80,0.11364,"v0"],[1.59091,"n",64,24,0.11364,"v0"]],[[0.0,"p",0],[0.22727,"n",88,80,0.05682,"v1"],[0.34091,"p",-48],[0.34091,"n",88,24,0.05682,"v1"],[0.45454,"p",0],[0.45454,"n",88,80,0.05682,"v1"],[0.56818,"p",48],[0.56818,"n",88,24,0.05682,"v1"],[0.68182,"p",0],[0.68182,"n",76,80,0.05682,"v2"],[0.79545,"p",-48],[0.79545,"n",76,24,0.05682,"v2"],[1.36364,"p",0],[1.36364,"n",88,80,0.05682,"v1"],[1.47727,"p",48],[1.47727,"n",88,24,0.05682,"v1"],[1.81818,"p",0],[1.81818,"n",88,72,0.05682,"v1"],[1.93182,"n",88,28,0.05682,"v1"]]],"voices":{"v0":{"t":"pcm","sample":"DirectSoundWaveData_sc88pro_harp","base":60,"fixed":false,"adsr":[255,242,0,204],"prog":46},"v1":{"t":"sq","duty":2,"base":60,"sweep":29,"adsr":[0,2,0,0],"prog":100},"v2":{"t":"sq","duty":2,"base":60,"sweep":22,"adsr":[0,2,0,0],"prog":101}}}