{"name":"mus_victory_aqua_magma","title":"Victory Aqua Magma","reverb":50,"loopStart":3.66197,"loopEnd":10.42253,"tracks":[[[0.0,"ls",44],[0.0,"br",12],[0.0,"p",63],[0.0,"v",44],[3.66197,"n",88,96,0.07042,"v0"],[3.87324,"n",88,80,0.07042,"v0"],[3.97887,"n",88,80,0.07042,"v0"],[4.08451,"n",91,92,0.21127,"v1"],[4.29577,"n",88,80,0.07042,"v0"],[4.40141,"n",88,80,0.07042,"v0"],[4.50704,"n",88,96,0.07042,"v0"],[4.71831,"n",88,80,0.07042,"v0"],[4.82394,"n",88,80,0.07042,"v0"],[4.92957,"n",91,96,0.21127,"v1"],[5.14084,"n",88,80,0.07042,"v1"],[5.24648,"n",88,80,0.07042,"v0"],[5.35211,"n",88,96,0.07042,"v0"],[5.56338,"n",88,80,0.07042,"v0"],[5.66901,"n",88,80,0.07042,"v0"],[5.77464,"n",91,96,0.21127,"v1"],[5.98591,"n",88,80,0.07042,"v0"],[6.09155,"n",88,80,0.07042,"v0"],[6.19718,"n",88,96,0.07042,"v0"],[6.2676,"n",88,64,0.07042,"v0"],[6.33802,"n",88,64,0.07042,"v0"],[6.40845,"n",88,80,0.07042,"v0"],[6.51408,"n",88,80,0.07042,"v0"],[6.61972,"n",91,96,0.21127,"v1"],[6.83098,"n",88,80,0.07042,"v1"],[6.93662,"n",88,80,0.07042,"v0"],[7.04225,"n",88,96,0.07042,"v0"],[7.25352,"n",88,80,0.07042,"v0"],[7.35915,"n",88,80,0.07042,"v0"],[7.46479,"n",91,92,0.21127,"v1"],[7.67605,"n",88,80,0.07042,"v0"],[7.78169,"n",88,80,0.07042,"v0"],[7.88732,"n",88,96,0.07042,"v0"],[8.09859,"n",88,80,0.07042,"v0"],[8.20422,"n",88,80,0.07042,"v0"],[8.30986,"n",91,96,0.21127,"v1"],[8.52112,"n",88,80,0.07042,"v1"],[8.62676,"n",88,80,0.07042,"v0"],[8.73239,"n",88,96,0.07042,"v0"],[8.94366,"n",88,80,0.07042,"v0"],[9.04929,"n",88,80,0.07042,"v0"],[9.15493,"n",91,96,0.21127,"v1"],[9.36619,"n",88,80,0.07042,"v0"],[9.47183,"n",88,80,0.07042,"v0"],[9.57746,"n",88,96,0.07042,"v0"],[9.64788,"n",88,64,0.07042,"v0"],[9.7183,"n",88,64,0.07042,"v0"],[9.78873,"n",88,80,0.07042,"v0"],[9.89436,"n",88,80,0.07042,"v0"],[10.0,"n",91,96,0.21127,"v1"],[10.21126,"n",88,80,0.07042,"v1"],[10.3169,"n",88,80,0.07042,"v0"]],[[0.0,"ls",44],[0.0,"br",12],[0.0,"v",82],[0.0,"p",-13],[1.16197,"n",65,112,0.38732,"v2"],[1.54929,"n",70,112,0.42254,"v3"],[1.97183,"n",74,112,0.07042,"v3"],[2.25352,"n",74,112,0.07042,"v3"],[2.39437,"n",74,112,0.07042,"v3"],[2.53521,"n",74,112,0.07042,"v3"],[2.67605,"n",72,112,0.07042,"v3"],[2.8169,"n",74,112,0.42254,"v3"],[3.23944,"n",75,96,0.42253,"v3"],[3.66197,"v",48],[3.69718,"n",77,112,0.77465,"v4"],[4.54225,"n",81,112,0.07042,"v4"],[4.61267,"n",81,36,0.14085,"v4"],[4.75352,"n",79,112,0.07042,"v4"],[4.82394,"n",79,36,0.14085,"v4"],[4.96479,"n",77,112,0.07042,"v4"],[5.03521,"n",77,36,0.14085,"v4"],[5.17605,"n",79,112,0.07042,"v4"],[5.24648,"n",79,36,0.14085,"v4"],[5.38732,"n",74,112,0.56338,"v4"],[5.98591,"n",79,112,0.07042,"v4"],[6.05633,"n",79,36,0.14084,"v4"],[6.23239,"n",83,112,0.42253,"v4"],[6.65493,"n",81,112,0.07042,"v4"],[6.72535,"n",81,36,0.14085,"v4"],[6.86619,"n",79,112,0.07042,"v4"],[6.93662,"n",79,36,0.14084,"v4"],[7.07746,"n",77,112,0.77465,"v4"],[7.92253,"n",81,112,0.17606,"v4"],[8.1338,"n",77,112,0.07042,"v4"],[8.20422,"n",81,112,0.07042,"v4"],[8.27464,"n",77,112,0.07042,"v4"],[8.34507,"n",74,112,0.21127,"v4"],[8.55633,"n",72,112,0.17606,"v4"],[8.7676,"n",71,112,0.07042,"v4"],[8.83802,"n",71,36,0.14085,"v4"],[8.97887,"n",67,112,0.07042,"v4"],[9.04929,"n",67,36,0.07042,"v4"],[9.0845,"n",71,112,0.07042,"v4"],[9.19014,"n",74,112,0.07042,"v4"],[9.26056,"n",74,36,0.07042,"v4"],[9.33098,"n",71,112,0.07042,"v4"],[9.4014,"n",71,36,0.07042,"v4"],[9.47183,"n",74,112,0.07042,"v4"],[9.54225,"n",74,36,0.07042,"v4"],[9.61267,"n",79,112,0.38732,"v4"],[10.0,"n",77,112,0.07042,"v4"],[10.07042,"n",77,36,0.14085,"v4"],[10.24647,"n",74,112,0.07042,"v4"],[10.3169,"n",74,36,0.07042,"v4"]],[[0.0,"ls",44],[0.0,"br",12],[0.0,"v",85],[0.0,"p",14],[0.28169,"n",72,120,0.10563,"v3"],[0.49296,"n",69,120,0.10563,"v3"],[0.59859,"n",72,120,0.10563,"v3"],[0.70422,"n",77,120,0.84507,"v3"],[1.54929,"n",78,120,0.42254,"v3"],[1.97183,"n",79,112,0.07042,"v3"],[2.25352,"n",79,112,0.07042,"v3"],[2.39437,"n",79,112,0.07042,"v3"],[2.53521,"n",79,112,0.07042,"v3"],[2.67605,"n",77,112,0.07042,"v3"],[2.8169,"n",79,112,0.42254,"v3"],[3.23944,"n",80,96,0.42253,"v3"],[3.66197,"v",63],[3.66197,"n",81,112,0.84507,"v4"],[4.50704,"n",86,112,0.07042,"v4"],[4.57746,"n",86,36,0.14084,"v4"],[4.71831,"n",84,112,0.07042,"v4"],[4.78873,"n",84,36,0.14084,"v4"],[4.92957,"n",83,112,0.07042,"v4"],[5.0,"n",83,36,0.14084,"v4"],[5.14084,"n",84,112,0.07042,"v4"],[5.21127,"n",84,36,0.14084,"v4"],[5.35211,"n",79,112,0.6338,"v4"],[5.98591,"n",83,112,0.07042,"v4"],[6.05633,"n",83,36,0.14084,"v4"],[6.19718,"n",91,112,0.42254,"v4"],[6.61972,"n",89,112,0.07042,"v4"],[6.69014,"n",89,36,0.14085,"v4"],[6.83098,"n",88,112,0.07042,"v4"],[6.90141,"n",88,36,0.14084,"v4"],[7.04225,"n",81,112,0.84507,"v4"],[7.88732,"n",86,112,0.21127,"v4"],[8.09859,"n",84,112,0.07042,"v4"],[8.16901,"n",86,112,0.07042,"v4"],[8.23943,"n",84,112,0.07042,"v4"],[8.30986,"n",83,112,0.21127,"v4"],[8.52112,"n",81,112,0.21127,"v4"],[8.73239,"n",79,112,0.07042,"v4"],[8.80281,"n",79,36,0.14085,"v4"],[8.94366,"n",74,112,0.07042,"v4"],[9.04929,"n",79,112,0.07042,"v4"],[9.15493,"n",83,112,0.07042,"v4"],[9.22535,"n",83,36,0.07042,"v4"],[9.29577,"n",79,112,0.07042,"v4"],[9.36619,"n",79,36,0.07042,"v4"],[9.43661,"n",83,112,0.07042,"v4"],[9.50704,"n",83,36,0.07042,"v4"],[9.57746,"n",86,112,0.42253,"v4"],[10.0,"n",84,112,0.07042,"v4"],[10.07042,"n",84,36,0.14085,"v4"],[10.21126,"n",83,112,0.07042,"v4"],[10.28168,"n",83,36,0.14085,"v4"]],[[0.0,"ls",44],[0.0,"br",12],[0.0,"p",0],[0.0,"v",88],[0.14084,"n",53,108,0.03521,"v5"],[0.21127,"n",53,92,0.03521,"v5"],[0.3169,"n",53,112,0.07042,"v5"],[0.98591,"n",53,112,0.03521,"v5"],[1.05634,"n",53,112,0.03521,"v5"],[1.12676,"n",53,112,0.07042,"v5"],[1.33803,"n",48,112,0.07042,"v5"],[1.54929,"n",53,112,0.07042,"v5"],[1.76056,"n",48,112,0.07042,"v5"],[1.97183,"n",55,112,0.07042,"v5"],[2.25352,"n",55,112,0.07042,"v5"],[2.39437,"n",55,112,0.07042,"v5"],[2.53521,"n",55,112,0.07042,"v5"],[2.67605,"n",53,112,0.07042,"v5"],[2.8169,"n",55,112,0.42254,"v5"],[3.23944,"n",42,112,0.42253,"v5"],[3.66197,"v",35],[3.66197,"n",60,112,1.2676,"v6"],[4.92957,"n",57,112,0.14084,"v6"],[5.07042,"n",60,112,0.14085,"v6"],[5.21127,"n",57,112,0.14084,"v6"],[5.35211,"n",59,112,1.26761,"v6"],[6.61972,"n",55,112,0.14085,"v6"],[6.76056,"n",59,112,0.14084,"v6"],[6.90141,"n",50,112,0.14084,"v6"],[7.04225,"n",53,112,1.26761,"v6"],[8.30986,"n",50,112,0.14084,"v6"],[8.4507,"n",55,112,0.14085,"v6"],[8.59154,"n",57,112,0.14085,"v6"],[8.73239,"n",59,112,1.2676,"v6"],[10.0,"n",55,112,0.14084,"v6"],[10.14084,"n",57,112,0.14085,"v6"],[10.28168,"n",59,112,0.14085,"v6"]],[[0.0,"ls",44],[0.0,"ev",18],[0.0,"ev",16],[0.0,"br",12],[0.0,"v",41],[0.0,"p",63],[0.28169,"n",60,96,0.10563,"v7"],[0.49296,"n",57,112,0.10563,"v7"],[0.59859,"n",60,112,0.10563,"v7"],[0.70422,"n",65,112,0.84507,"v7"],[1.54929,"n",70,112,0.42254,"v7"],[1.97183,"n",71,112,0.07042,"v7"],[2.25352,"n",71,112,0.07042,"v7"],[2.39437,"n",71,112,0.07042,"v7"],[2.53521,"n",71,112,0.07042,"v7"],[2.67605,"n",69,112,0.07042,"v7"],[2.8169,"n",71,112,0.42254,"v7"],[3.23944,"n",72,112,0.42253,"v7"],[3.87324,"n",69,112,0.07042,"v7"],[3.97887,"n",69,112,0.07042,"v7"],[4.29577,"n",69,112,0.07042,"v7"],[4.71831,"n",69,112,0.07042,"v7"],[5.14084,"n",70,112,0.07042,"v7"],[5.56338,"n",71,112,0.07042,"v7"],[5.66901,"n",71,112,0.07042,"v7"],[5.98591,"n",71,112,0.07042,"v7"],[6.40845,"n",71,112,0.07042,"v7"],[6.83098,"n",70,112,0.07042,"v7"],[7.25352,"n",69,112,0.07042,"v7"],[7.35915,"n",69,112,0.07042,"v7"],[7.67605,"n",69,112,0.07042,"v7"],[8.09859,"n",69,112,0.07042,"v7"],[8.52112,"n",70,112,0.07042,"v7"],[8.94366,"n",71,112,0.07042,"v7"],[9.04929,"n",71,112,0.07042,"v7"],[9.36619,"n",71,112,0.07042,"v7"],[9.78873,"n",71,112,0.07042,"v7"],[10.21126,"n",70,112,0.07042,"v7"]],[[0.0,"ls",44],[0.0,"ev",18],[0.0,"ev",16],[0.0,"br",12],[0.0,"p",-1],[0.0,"v",58],[0.03521,"v",55],[0.28169,"n",41,112,0.10563,"v8"],[0.49296,"n",48,112,0.10563,"v8"],[0.59859,"n",45,112,0.10563,"v8"],[0.70422,"n",41,112,0.84507,"v8"],[1.54929,"n",42,112,0.42254,"v8"],[1.97183,