{"name":"mus_encounter_girl","title":"Encounter Girl","reverb":50,"loopStart":2.08333,"loopEnd":15.41664,"tracks":[[[0.0,"v",80],[0.0,"p",5],[0.0,"n",80,100,0.10417,"v0"],[0.10417,"n",78,100,0.10417,"v0"],[0.20833,"n",77,100,0.10417,"v0"],[0.3125,"n",75,100,0.10417,"v0"],[0.41667,"n",87,100,0.05208,"v0"],[0.46875,"n",87,76,0.05208,"v0"],[0.52083,"n",87,72,0.05208,"v0"],[0.57292,"n",87,68,0.05208,"v0"],[0.625,"n",87,64,0.05208,"v0"],[0.67708,"n",87,60,0.05208,"v0"],[0.72917,"n",87,56,0.05208,"v0"],[0.78125,"n",87,52,0.05208,"v0"],[0.83333,"n",87,48,0.05208,"v0"],[0.88542,"n",87,44,0.05208,"v0"],[0.9375,"n",87,40,0.05208,"v0"],[0.98958,"n",87,36,0.05208,"v0"],[1.04167,"n",87,36,0.05208,"v0"],[1.09375,"n",87,40,0.05208,"v0"],[1.14583,"n",87,44,0.05208,"v0"],[1.19791,"n",87,48,0.05208,"v0"],[1.25,"n",87,48,0.05208,"v0"],[1.30208,"n",87,52,0.05208,"v0"],[1.35416,"n",87,56,0.05208,"v0"],[1.40625,"n",87,60,0.05208,"v0"],[1.45833,"n",87,64,0.05208,"v0"],[1.51041,"n",87,64,0.05208,"v0"],[1.5625,"n",87,60,0.05208,"v0"],[1.61458,"n",87,56,0.05208,"v0"],[1.66666,"n",87,52,0.05208,"v0"],[1.71875,"n",87,48,0.05208,"v0"],[1.77083,"n",87,40,0.05208,"v0"],[1.82291,"n",87,36,0.05208,"v0"],[2.08333,"n",80,100,0.20833,"v0"],[2.39583,"n",78,100,0.10417,"v0"],[2.5,"n",77,100,0.10417,"v0"],[2.8125,"n",80,100,0.10417,"v0"],[3.22916,"n",87,100,0.10417,"v0"],[3.33333,"n",85,100,0.10417,"v0"],[3.64583,"n",84,100,0.10417,"v0"],[3.74999,"n",85,100,0.20833,"v0"],[4.06249,"n",84,100,0.10417,"v0"],[4.16666,"n",82,100,0.10417,"v0"],[4.47916,"n",80,100,0.05208,"v0"],[4.53124,"n",80,68,0.05208,"v0"],[4.58333,"n",80,68,0.05208,"v0"],[4.63541,"n",80,68,0.05208,"v0"],[4.68749,"n",80,68,0.05208,"v0"],[4.73958,"n",80,68,0.05208,"v0"],[4.79166,"n",80,68,0.05208,"v0"],[4.84374,"n",80,68,0.05208,"v0"],[4.89583,"n",80,68,0.05208,"v0"],[4.94791,"n",80,52,0.05208,"v0"],[4.99999,"n",80,48,0.05208,"v0"],[5.05208,"n",80,40,0.05208,"v0"],[5.10416,"n",80,36,0.05208,"v0"],[5.41666,"n",82,100,0.05208,"v0"],[5.46874,"n",82,68,0.05208,"v0"],[5.52082,"n",82,68,0.05208,"v0"],[5.72916,"n",80,100,0.10417,"v0"],[5.83332,"n",78,100,0.10417,"v0"],[6.14582,"n",78,100,0.05208,"v0"],[6.19791,"n",78,68,0.05208,"v0"],[6.24999,"n",78,68,0.05208,"v0"],[6.30207,"n",78,68,0.05208,"v0"],[6.35416,"n",78,68,0.05208,"v0"],[6.56249,"n",77,100,0.10417,"v0"],[6.66666,"n",78,100,0.10417,"v0"],[6.97916,"n",77,100,0.10417,"v0"],[7.08332,"n",80,100,0.05208,"v0"],[7.13541,"n",80,68,0.05208,"v0"],[7.18749,"n",80,68,0.05208,"v0"],[7.23957,"n",80,68,0.05208,"v0"],[7.49999,"n",78,100,0.05208,"v0"],[7.55207,"n",78,68,0.05208,"v0"],[7.60415,"n",78,68,0.05208,"v0"],[7.65624,"n",78,68,0.05208,"v0"],[7.91665,"n",77,100,0.05208,"v0"],[7.96874,"n",77,68,0.05208,"v0"],[8.02082,"n",77,68,0.05208,"v0"],[8.0729,"n",77,68,0.05208,"v0"],[8.33332,"n",75,100,0.05208,"v0"],[8.3854,"n",75,68,0.05208,"v0"],[8.43749,"n",75,68,0.05208,"v0"],[8.48957,"n",75,68,0.05208,"v0"],[8.74999,"n",80,100,0.20833,"v0"],[9.06249,"n",78,100,0.10417,"v0"],[9.16665,"n",77,100,0.10417,"v0"],[9.47915,"n",80,100,0.10417,"v0"],[9.89582,"n",87,100,0.10417,"v0"],[9.99998,"n",85,100,0.10417,"v0"],[10.31248,"n",84,100,0.10417,"v0"],[10.41665,"n",85,100,0.20833,"v0"],[10.72915,"n",84,100,0.10417,"v0"],[10.83332,"n",85,100,0.10417,"v0"],[11.14582,"n",80,100,0.05208,"v0"],[11.1979,"n",80,68,0.05208,"v0"],[11.24998,"n",80,68,0.05208,"v0"],[11.30207,"n",80,68,0.05208,"v0"],[11.35415,"n",80,68,0.05208,"v0"],[11.40623,"n",80,68,0.05208,"v0"],[11.45831,"n",80,68,0.05208,"v0"],[11.5104,"n",80,68,0.05208,"v0"],[11.56248,"n",80,68,0.05208,"v0"],[11.61456,"n",80,52,0.05208,"v0"],[11.66665,"n",80,48,0.05208,"v0"],[11.71873,"n",80,40,0.05208,"v0"],[11.77081,"n",80,36,0.05208,"v0"],[12.08331,"n",82,100,0.10417,"v0"],[12.39581,"n",80,100,0.10417,"v0"],[12.49998,"n",78,100,0.10417,"v0"],[12.81248,"n",90,100,0.05208,"v0"],[12.86456,"n",90,68,0.05208,"v0"],[12.91665,"n",90,68,0.05208,"v0"],[12.96873,"n",90,68,0.05208,"v0"],[13.02081,"n",90,68,0.05208,"v0"],[13.22915,"n",89,100,0.10417,"v0"],[13.33331,"n",90,100,0.10417,"v0"],[13.64581,"n",89,100,0.10417,"v0"],[13.74998,"n",87,100,0.05208,"v0"],[13.80206,"n",87,68,0.05208,"v0"],[13.85414,"n",87,68,0.05208,"v0"],[13.90623,"n",87,68,0.05208,"v0"],[14.16664,"n",89,100,0.05208,"v0"],[14.21873,"n",89,68,0.05208,"v0"],[14.27081,"n",89,68,0.05208,"v0"],[14.32289,"n",89,68,0.05208,"v0"],[14.58331,"n",85,100,0.05208,"v0"],[14.63539,"n",85,68,0.05208,"v0"],[14.68748,"n",85,68,0.05208,"v0"],[14.73956,"n",85,68,0.05208,"v0"]],[[0.0,"p",-6],[0.41667,"v",80],[0.41667,"n",32,127,0.625,"v1"],[1.14583,"n",32,127,0.05208,"v1"],[1.25,"n",32,127,0.10417,"v1"],[1.5625,"n",44,127,0.10417,"v1"],[1.66666,"n",32,127,0.10417,"v1"],[1.97916,"n",36,127,0.10417,"v1"],[2.08333,"n",37,127,0.625,"v1"],[2.8125,"n",37,127,0.05208,"v1"],[2.91666,"n",37,127,0.05208,"v1"],[3.22916,"n",37,127,0.10417,"v1"],[3.33333,"n",44,127,0.3125,"v1"],[3.64583,"n",37,127,0.10417,"v1"],[3.74999,"n",42,127,0.625,"v1"],[4.47916,"n",37,127,0.05208,"v1"],[4.58333,"n",37,127,0.10417,"v1"],[4.89583,"n",44,127,0.10417,"v1"],[4.99999,"n",49,127,0.3125,"v1"],[5.31249,"n",37,127,0.10417,"v1"],[5.41666,"n",39,127,0.83333,"v1"],[6.24999,"n",39,127,0.83333,"v1"],[7.08332,"n",44,127,0.10417,"v1"],[7.39582,"n",44,127,0.10417,"v1"],[7.49999,"n",51,127,0.10417,"v1"],[7.81249,"n",44,127,0.41667,"v1"],[8.22915,"n",32,127,0.10417,"v1"],[8.33332,"n",34,127,0.3125,"v1"],[8.64582,"n",36,127,0.10417,"v1"],[8.74999,"n",37,127,0.625,"v1"],[9.47915,"n",37,127,0.05208,"v1"],[9.58332,"n",37,127,0.05208,"v1"],[9.89582,"n",37,127,0.10417,"v1"],[9.99998,"n",44,127,0.3125,"v1"],[10.31248,"n",37,127,0.10417,"v1"],[10.41665,"n",42,127,0.625,"v1"],[11.14582,"n",37,127,0.05208,"v1"],[11.24998,"n",37,127,0.10417,"v1"],[11.56248,"n",44,127,0.10417,"v1"],[11.66665,"n",49,127,0.3125,"v1"],[11.97915,"n",37,127,0.10417,"v1"],[12.08331,"n",39,127,0.3125,"v1"],[12.39581,"n",39,127,0.05208,"v1"],[12.81248,"n",39,127,0.05208,"v1"],[12.91665,"n",39,127,0.41667,"v1"],[13.33331,"n",46,127,0.3125,"v1"],[13.64581,"n",39,127,0.10417,"v1"],[13.74998,"n",44,127,0.3125,"v1"],[14.06248,"n",44,127,0.05208,"v1"],[14.16664,"n",44,127,0.3125,"v1"],[14.47914,"n",36,127,0.05208,"v1"],[14.58331,"n",37,127,0.20833,"v1"]],[[0.0,"p",16],[0.41667,"v",80],[0.41667,"b",0],[0.41667,"n",56,88,0.10417,"v2"],[0.72917,"n",44,88,0.10417,"v3"],[0.83333,"n",44,88,0.3125,"v3"],[1.14583,"n",56,88,0.36458,"v2"],[1.5625,"n",54,88,0.10417,"v3"],[1.66666,"n",51,88,0.3125,"v3"],[1.97916,"n",48,88,0.10417,"v3"],[2.08333,"n",49,88,0.20833,"v3"],[2.5,"n",56,88,0.20833,"v2"],[2.8125,"n",53,88,0.52083,"v3"],[3.33333,"n",56,88,0.26042,"v2"],[3.64583,"n",49,88,0.10417,"v3"],[3.74999,"n",54,88,0.15625,"v3"],[4.06249,"n",56,88,0.10417,"v2"],[4.16666,"n",58,88,0.10417,"v2"],[4.47916,"n",53,88,0.41667,"v3"],[4.89583,"n",53,88,0.10417,"v3"],[4.99999,"n",56,88,0.3125,"v2"],[5.31249,"n",49,88,0.10417,"v3"],[5.41666,"n",73,96,0.10417,"v4"],[5.72916,"n",72,96,0.10417,"v4"],[5.83332,"n",70,96,0.10417,"v2"],[6.14582,"n",70,96,0.41667,"v2"],[6.56249,"n",70,96,0.10417,"v2"],[6.66666,"n",72,96,0.10417,"v4"],[6.97916,"n",70,96,0.10417,"v2"],[7.08332,"n",68,96,0.41667,"v2"],[7.49999,"n",54,88,0.41667,"v3"],[7.91665,"n",56,88,0.41667,"v2"],[8.33332,"n",51,88,0.41667,"v3"],[8.74999,"n",49,88,0.20833,"v3"],[9.16665,"n",56,88,0.20833,"v2"],[9.47915,"n",53,88,0.52083,"v3"],[9.99998,"n",56,88,0.26042,"v2"],[10.31248,"n",49,88,0.10417,"v3"],[10.41665,"n",54,88,0.15625,"v3"],[10.72915,"n",56,88,0.10417,"v2"],[10.83332,"n",58,88,0.10417,"v2"],[11.14582,"n",53,88,0.41667,"v3"],[11.56248,"n",53,88,0.10417,"v3"],[11.66665,"n",56,88,0.3125,"v2"],[11.97915,"n",49,88,0.10417,"v3"],[12.08331,"n",78,96,0.20833,"v4"],[12.39581,"n",77,96,0.10417,"v4"],[12.49998,"n",75,96,0.10417,"v4"],[12.81248,"n",82,96,0.26042,"v4"],[13.22915,"n",82,96,0.10417,"v4"],[13.33331,"n",84,96,0.20833,"v4"],[13.64581,"n",82,96,0.10417,"v4"],[13.74998,"n",80,96,0.20833,"v4"],[14.16664,"n",56,88,0.41667,"v2"],[14.58331,"n",61,88,0.20833,"v2"]],