{"name":"mus_encounter_hiker","title":"Encounter Hiker","reverb":50,"loopStart":1.875,"loopEnd":16.875,"tracks":[[[0.0,"ls",44],[0.0,"p",4],[0.0,"ls",44],[0.0,"br",12],[0.0,"v",38],[0.0,"n",90,112,0.07812,"v0"],[0.3125,"n",86,112,0.07812,"v0"],[0.39062,"n",83,112,0.07812,"v0"],[0.46875,"n",81,112,0.9375,"v0"],[1.40625,"n",79,112,0.3125,"v0"],[1.71875,"n",78,112,0.15625,"v0"]],[[0.0,"ls",44],[0.0,"br",12],[0.0,"p",0],[0.0,"v",62],[0.0,"n",78,112,0.07812,"v1"],[0.3125,"n",74,112,0.07812,"v1"],[0.39062,"n",71,112,0.07812,"v1"],[0.46875,"n",69,112,0.9375,"v1"],[0.9375,"m",7],[1.40625,"m",0],[1.40625,"n",67,112,0.3125,"v1"],[1.71875,"n",66,112,0.15625,"v2"],[1.875,"n",74,96,0.15625,"v1"],[2.03125,"n",73,96,0.07812,"v1"],[2.1875,"n",74,96,0.07812,"v1"],[2.34375,"n",78,96,0.07812,"v1"],[2.65625,"n",74,96,0.07812,"v1"],[2.8125,"n",69,96,0.9375,"v1"],[3.28125,"m",7],[3.28125,"v",58],[3.35938,"v",50],[3.4375,"v",43],[3.51562,"v",33],[3.59375,"v",31],[3.67188,"v",26],[3.75,"m",0],[3.75,"v",63],[3.75,"n",66,96,0.15625,"v2"],[3.90625,"n",65,96,0.07812,"v2"],[4.0625,"n",66,96,0.07812,"v2"],[4.21875,"n",69,96,0.07812,"v1"],[4.53125,"n",66,96,0.07812,"v2"],[4.6875,"n",62,96,0.46875,"v2"],[5.15625,"n",57,96,0.46875,"v2"],[5.625,"n",66,96,0.07812,"v2"],[5.9375,"n",66,96,0.07812,"v2"],[6.09375,"n",65,96,0.07812,"v2"],[6.40625,"n",66,96,0.07812,"v2"],[6.5625,"n",69,96,0.3125,"v1"],[6.875,"n",68,96,0.07812,"v1"],[6.95312,"n",67,96,0.07812,"v1"],[7.03125,"n",66,96,0.46875,"v2"],[7.5,"n",67,96,1.40625,"v1"],[7.96875,"v",62],[7.96875,"m",8],[8.125,"v",60],[8.20312,"v",58],[8.28125,"v",55],[8.35938,"v",53],[8.4375,"v",52],[8.51562,"v",50],[8.59375,"v",46],[8.67188,"v",41],[8.75,"v",40],[8.82812,"v",36],[8.90625,"v",63],[8.90625,"m",0],[9.375,"n",76,96,0.15625,"v1"],[9.53125,"n",75,96,0.07812,"v1"],[9.6875,"n",76,96,0.07812,"v1"],[9.84375,"n",79,96,0.07812,"v1"],[10.15625,"n",76,96,0.07812,"v1"],[10.3125,"n",71,96,0.9375,"v1"],[10.78125,"v",62],[10.85938,"v",60],[10.9375,"v",57],[11.01562,"v",47],[11.09375,"v",41],[11.17188,"v",38],[11.25,"v",63],[11.25,"n",73,96,0.15625,"v1"],[11.40625,"n",72,96,0.07812,"v1"],[11.5625,"n",73,96,0.07812,"v1"],[11.71875,"n",76,96,0.07812,"v1"],[12.03125,"n",73,96,0.07812,"v1"],[12.1875,"n",83,72,0.625,"v1"],[12.8125,"n",82,68,0.15625,"v1"],[12.96875,"n",81,68,0.07812,"v1"],[13.125,"n",69,96,0.15625,"v1"],[13.4375,"n",69,96,0.07812,"v1"],[13.59375,"n",68,96,0.15625,"v1"],[13.90625,"n",69,96,0.07812,"v1"],[14.0625,"n",71,96,0.15625,"v1"],[14.375,"n",73,96,0.07812,"v1"],[14.53125,"n",74,96,0.15625,"v1"],[14.84375,"n",76,96,0.07812,"v1"],[15.0,"n",78,96,1.40625,"v1"],[15.46875,"v",62],[15.46875,"m",5],[15.54688,"v",60],[15.625,"v",55],[15.70312,"v",52],[15.78125,"v",50],[15.85938,"v",46],[15.9375,"v",43],[16.09375,"v",40],[16.17188,"v",38],[16.25,"v",36],[16.32812,"v",33],[16.40625,"v",63],[16.40625,"m",0]],[[0.0,"br",12],[0.0,"ls",44],[0.0,"br",12],[0.0,"ls",44],[0.0,"p",0],[0.0,"v",76],[0.0,"n",45,112,0.07812,"v3"],[0.3125,"n",42,112,0.07812,"v4"],[0.39062,"n",38,112,0.07812,"v4"],[0.46875,"n",33,112,0.9375,"v4"],[0.9375,"m",7],[1.40625,"m",0],[1.40625,"n",37,112,0.3125,"v4"],[1.875,"n",38,112,0.15625,"v4"],[2.8125,"n",33,112,0.15625,"v4"],[3.75,"n",38,112,0.15625,"v4"],[4.21875,"n",33,112,0.15625,"v4"],[4.6875,"n",38,112,0.15625,"v4"],[4.84375,"n",37,72,0.07812,"v4"],[4.92188,"n",36,72,0.07812,"v4"],[5.0,"n",35,72,0.07812,"v4"],[5.07812,"n",34,72,0.07812,"v4"],[5.15625,"n",33,112,0.46875,"v4"],[5.46875,"b",20],[5.625,"b",0],[5.625,"n",38,112,0.15625,"v4"],[6.5625,"n",33,112,0.15625,"v4"],[7.5,"n",40,112,0.15625,"v4"],[7.96875,"n",35,112,0.15625,"v4"],[8.4375,"n",40,112,0.15625,"v4"],[8.59375,"n",39,72,0.07812,"v4"],[8.67188,"n",38,72,0.07812,"v4"],[8.75,"n",37,72,0.07812,"v4"],[8.82812,"n",36,72,0.07812,"v4"],[8.90625,"n",35,112,0.46875,"v4"],[9.21875,"b",20],[9.375,"b",0],[9.375,"n",40,112,0.15625,"v4"],[10.3125,"n",35,112,0.15625,"v4"],[11.25,"n",40,112,0.15625,"v4"],[11.71875,"n",35,112,0.15625,"v4"],[12.1875,"n",40,112,0.15625,"v4"],[12.34375,"n",39,72,0.07812,"v4"],[12.42188,"n",38,72,0.07812,"v4"],[12.5,"n",37,72,0.07812,"v4"],[12.57812,"n",36,72,0.07812,"v4"],[12.65625,"n",35,112,0.46875,"v4"],[12.96875,"b",20],[13.125,"b",0],[13.125,"n",33,112,0.15625,"v4"],[14.0625,"n",28,112,0.15625,"v4"],[15.0,"n",38,112,0.15625,"v4"],[15.46875,"n",33,112,0.15625,"v4"],[15.9375,"n",38,112,0.15625,"v4"],[16.09375,"n",37,72,0.07812,"v4"],[16.17188,"n",36,72,0.07812,"v4"],[16.25,"n",35,72,0.07812,"v4"],[16.32812,"n",34,72,0.07812,"v4"],[16.40625,"n",33,112,0.46875,"v4"],[16.71875,"b",20]],[[0.0,"ls",44],[0.0,"br",12],[0.0,"v",76],[0.0,"p",32],[0.0,"n",57,124,0.07812,"v5"],[0.3125,"n",54,124,0.07812,"v5"],[0.39062,"p",0],[0.39062,"n",50,120,0.07812,"v5"],[0.46875,"p",-32],[0.46875,"n",45,127,0.15625,"v5"],[0.9375,"p",22],[0.9375,"n",57,124,0.15625,"v5"],[1.25,"n",57,112,0.07812,"v5"],[1.40625,"p",-33],[1.40625,"n",45,127,0.15625,"v5"],[1.71875,"n",45,112,0.07812,"v5"],[1.875,"p",22],[1.875,"b",0],[1.875,"n",50,127,0.15625,"v5"],[2.8125,"p",-33],[2.8125,"n",45,112,0.15625,"v5"],[3.75,"p",24],[3.75,"b",0],[3.75,"n",50,127,0.15625,"v5"],[4.21875,"p",-32],[4.21875,"n",45,112,0.15625,"v5"],[4.6875,"p",24],[4.6875,"n",50,112,0.15625,"v5"],[5.0,"n",50,64,0.07812,"v5"],[5.15625,"p",-33],[5.15625,"n",45,120,0.46875,"v5"],[5.46875,"b",20],[5.625,"p",21],[5.625,"b",0],[5.625,"n",50,127,0.15625,"v5"],[6.5625,"p",-33],[6.5625,"n",45,112,0.15625,"v5"],[7.5,"p",24],[7.5,"b",0],[7.5,"n",52,127,0.15625,"v5"],[7.96875,"p",-32],[7.96875,"n",47,112,0.15625,"v5"],[8.4375,"p",24],[8.4375,"n",52,112,0.15625,"v5"],[8.75,"n",52,64,0.07812,"v5"],[8.90625,"p",-33],[8.90625,"n",47,120,0.46875,"v5"],[9.21875,"b",20],[9.375,"p",25],[9.375,"b",0],[9.375,"n",52,127,0.15625,"v5"],[10.3125,"p",-32],[10.3125,"n",47,112,0.15625,"v5"],[11.25,"p",24],[11.25,"b",0],[11.25,"n",52,127,0.15625,"v5"],[11.71875,"p",-32],[11.71875,"n",47,112,0.15625,"v5"],[12.1875,"p",28],[12.1875,"n",52,112,0.15625,"v5"],[12.5,"n",52,64,0.07812,"v5"],[12.65625,"p",-33],[12.65625,"n",47,120,0.46875,"v5"],[12.96875,"b",20],[13.125,"p",24],[13.125,"b",0],[13.125,"n",45,127,0.15625,"v5"],[14.0625,"p",-33],[14.0625,"n",40,112,0.15625,"v5"],[15.0,"p",24],[15.0,"b",0],[15.0,"n",50,127,0.15625,"v5"],[15.46875,"p",-32],[15.46875,"n",45,112,0.15625,"v5"],[15.9375,"p",24],[15.9375,"n",50,112,0.15625,"v5"],[16.25,"n",50,64,0.07812,"v5"],[16.40625,"p",-32],[16.40625,"n",45,120,0.46875,"v5"],[16.71875,"b",20]],[[0.0,"ls",44],[0.0,"ev",18],[0.0,"ev",16],[0.0,"br",12],[0.0,"p",-64],[0.0,"v",35],[0.0,"n",57,112,0.07812,"v6"],[0.3125,"n",54,112,0.07812,"v6"],[0.39062,"n",50,112,0.07812,"v6"],[0.46875,"n",45,112,0.9375,"v6"],[0.9375,"m",7],[1.40625,"m",0],[1.40625,"n",49,112,0.3125,"v6"],[1.71875,"n",62,112,0.07812,"v6"],[1.79688,"n",64,112,0.07812,"v6"],[1.875,"n",66,112,0.23438,"v6"],[2.1875,"n",66,112,0.03906,"v6"],[2.34375,"n",66,112,0.03906,"v6"],[2.5,"n",66,88,0.03906,"v6"],[2.65625,"n",66,88,0.03906,"v6"],[2.96875,"n",69,112,0.03906,"v6"],[3.125,"n",66,112,0.03906,"v6"],[3.4375,"n",66,112,0.03906,"v6"],[3.59375,"n",66,112,0.03906,"v6"],[3.75,"n",66,112,0.07812,"v6"],[3.98438,"n",66,112,0.03906,"v6"],[4.0625,"n",66,112,0.03906,"v6"],[4.14062,"n",66,112,0.03906,"v6"],[4.21875,"n",66,112,0.03906,"v6"],[4.375,"n",66,112,0.03906,"v6"],[4.53125,"n",66,112,0.03906,"v6"],[4.84375,"n",69,112,0.03906,"v6"],[5.0,"n",66,112,0.03906,"v6"],[5.15625,"n",66,112,0.03906,"v6"],[5.3125,"n",65,112,0.15625,"v6"],[5.46875,"n",66,112,0.03906,"v6"],[5.625,"n",66,112,0.23438,"v6"],[5.9375,"n",66,112,0.03906,"v6"],[6.09375,"n",66,112,0.03906,"v6"],[6.25,"n",66,88,0.03906,"v6"],[6.40625,"n",66,88,0.03906,"v6"],[6.71875,"n",69,112,0.03906,"v6"],[6.875,"n",66,112,0.03906,"v6"],[7.1875,"n",66,112,0.03906,"v6"],[7.34375,"n",66,112,0.03906,"v6"],[7.5,"n",67,112,0.07812,"v6"],[7.73438,"n",67,112,0.03906,"v6"],[7.8125,"n",67,112,0.03906,"v6"],[7.89062,"n",67,112,0.03906,"v6"],[7.96875,"n",67,112,0.03906,"v6"],[8.125,"n",67,112,0.03906,"v6"],[8.28125,"n",67,