{"name":"mus_school","title":"School","reverb":50,"loopStart":0.0,"loopEnd":37.24135,"tracks":[[[0.0,"ls",44],[0.0,"v",87],[0.0,"p",4],[0.0,"ls",44],[0.0,"br",12],[0.0,"v",96],[32.8448,"n",64,64,0.12931,"v0"],[34.39653,"n",67,64,0.12931,"v0"],[34.91377,"n",67,64,0.12931,"v0"],[35.43101,"n",69,64,0.12931,"v0"],[35.94825,"n",69,64,0.12931,"v0"],[36.46549,"n",69,64,0.12931,"v0"],[36.72411,"n",64,64,0.38793,"v0"]],[[0.0,"ls",44],[0.0,"br",12],[3.87931,"n",78,64,0.12931,"v1"],[4.00862,"n",79,64,0.12931,"v1"],[4.13793,"n",81,64,0.12931,"v1"],[4.39655,"n",81,64,0.12931,"v1"],[4.65517,"n",81,64,0.12931,"v1"],[4.78448,"n",79,64,0.12931,"v1"],[4.91379,"n",78,64,0.12931,"v1"],[5.0431,"n",79,64,0.12931,"v1"],[5.17241,"n",81,64,0.51724,"v1"],[5.68965,"n",86,64,0.12931,"v1"],[5.94827,"n",76,64,0.12931,"v1"],[6.07758,"n",78,64,0.12931,"v1"],[6.20689,"n",79,64,0.12931,"v1"],[6.46551,"n",79,64,0.12931,"v1"],[6.72413,"n",79,64,0.12931,"v1"],[6.85344,"n",78,64,0.12931,"v1"],[6.98275,"n",76,64,0.12931,"v1"],[7.11206,"n",78,64,0.12931,"v1"],[7.24137,"n",79,64,0.51724,"v1"],[7.75861,"n",85,64,0.12931,"v1"],[8.01724,"n",74,64,0.12931,"v1"],[8.14655,"n",76,64,0.12931,"v1"],[8.27586,"n",78,64,0.12931,"v1"],[8.53448,"n",78,64,0.12931,"v1"],[8.7931,"n",78,64,0.12931,"v1"],[8.92241,"n",76,64,0.12931,"v1"],[9.05172,"n",74,64,0.12931,"v1"],[9.18103,"n",76,64,0.12931,"v1"],[9.31034,"n",78,64,0.12931,"v1"],[9.56896,"n",83,64,0.12931,"v1"],[9.82758,"n",86,64,0.12931,"v1"],[10.0862,"n",83,64,0.12931,"v1"],[10.34482,"n",79,64,0.12931,"v1"],[10.86206,"n",71,64,0.12931,"v1"],[11.12068,"n",74,64,0.12931,"v1"],[11.3793,"n",73,64,0.12931,"v1"],[11.63792,"n",74,64,0.12931,"v1"],[11.89654,"n",76,64,0.12931,"v1"],[12.15516,"n",78,64,0.12931,"v1"],[12.28447,"n",79,64,0.12931,"v1"],[12.41378,"n",81,64,0.12931,"v1"],[12.6724,"n",81,64,0.12931,"v1"],[12.93102,"n",81,64,0.06466,"v1"],[12.99568,"n",83,64,0.06466,"v1"],[13.06034,"n",81,64,0.12931,"v1"],[13.18965,"n",78,64,0.12931,"v1"],[13.31896,"n",79,64,0.12931,"v1"],[13.44827,"n",81,64,0.51724,"v1"],[13.96551,"n",86,64,0.12931,"v1"],[14.22413,"n",76,64,0.12931,"v1"],[14.35344,"n",78,64,0.12931,"v1"],[14.48275,"n",79,64,0.12931,"v1"],[14.74137,"n",79,64,0.12931,"v1"],[14.99999,"n",79,64,0.06466,"v1"],[15.06464,"n",81,64,0.06466,"v1"],[15.1293,"n",79,64,0.12931,"v1"],[15.25861,"n",76,64,0.12931,"v1"],[15.38792,"n",78,64,0.12931,"v1"],[15.51723,"n",79,64,0.51724,"v1"],[16.03447,"n",85,64,0.12931,"v1"],[16.29309,"n",74,64,0.12931,"v1"],[16.4224,"n",76,64,0.12931,"v1"],[16.55171,"n",78,64,0.12931,"v1"],[16.81033,"n",78,64,0.12931,"v1"],[17.06895,"n",78,64,0.06466,"v1"],[17.13361,"n",79,64,0.06466,"v1"],[17.19826,"n",78,64,0.12931,"v1"],[17.32757,"n",74,64,0.12931,"v1"],[17.45688,"n",76,64,0.12931,"v1"],[17.58619,"n",78,64,0.12931,"v1"],[17.84481,"n",83,64,0.12931,"v1"],[18.10344,"n",85,64,0.12931,"v1"],[18.36206,"n",86,64,0.12931,"v1"],[18.62068,"n",88,64,0.12931,"v1"],[18.8793,"n",83,64,0.12931,"v1"],[19.13792,"n",83,64,0.12931,"v1"],[19.26723,"n",86,64,0.12931,"v1"],[19.39654,"n",85,64,0.06466,"v1"],[19.46119,"n",86,64,0.06466,"v1"],[19.52585,"n",83,64,0.12931,"v1"],[19.65516,"n",85,64,0.12931,"v1"],[19.91378,"n",86,64,0.12931,"v1"],[20.1724,"n",88,64,0.12931,"v1"],[20.94826,"n",83,64,0.25862,"v1"],[21.20688,"n",85,64,0.12931,"v1"],[21.4655,"n",86,64,0.12931,"v1"],[21.72412,"n",85,64,0.12931,"v1"],[21.98274,"n",83,64,0.12931,"v1"],[22.24136,"n",81,64,0.12931,"v1"],[22.49998,"n",80,64,0.12931,"v1"],[22.7586,"n",81,64,0.12931,"v1"],[23.27585,"n",83,64,0.12931,"v1"],[23.53447,"n",76,64,0.12931,"v1"],[23.66378,"n",83,64,0.12931,"v1"],[23.79309,"n",85,64,1.03448,"v1"],[24.56895,"n",64,64,0.12931,"v0"],[25.08619,"n",83,64,0.25862,"v1"],[25.34481,"n",85,64,0.12931,"v1"],[25.60343,"n",86,64,0.12931,"v1"],[25.86205,"n",88,64,0.12931,"v1"],[26.12067,"n",67,64,0.12931,"v0"],[26.12067,"n",83,64,0.12931,"v1"],[26.37929,"n",85,64,0.12931,"v1"],[26.63791,"n",67,64,0.12931,"v0"],[26.63791,"n",86,64,0.12931,"v1"],[26.89653,"n",85,64,0.12931,"v1"],[27.41377,"n",83,64,0.12931,"v1"],[27.67239,"n",85,64,0.06466,"v1"],[27.73705,"n",86,64,0.06466,"v1"],[27.8017,"n",83,64,0.12931,"v1"],[27.93101,"n",81,64,1.03448,"v1"],[29.22412,"n",83,64,0.25862,"v1"],[29.48274,"n",85,64,0.12931,"v1"],[29.74136,"n",86,64,0.12931,"v1"],[29.99998,"n",85,64,0.12931,"v1"],[30.2586,"n",83,64,0.06466,"v1"],[30.32325,"n",85,64,0.06466,"v1"],[30.38791,"n",83,64,0.12931,"v1"],[30.51722,"n",81,64,0.12931,"v1"],[30.77584,"n",80,64,0.12931,"v1"],[31.03446,"n",81,64,0.12931,"v1"],[31.16377,"n",76,64,0.12931,"v1"],[31.29308,"n",81,64,0.12931,"v1"],[31.42239,"n",83,64,0.12931,"v1"],[31.5517,"n",85,64,0.12931,"v1"],[31.68101,"n",81,64,0.12931,"v1"],[31.81032,"n",85,64,0.12931,"v1"],[31.93963,"n",86,64,0.12931,"v1"],[32.06894,"n",88,64,1.03448,"v1"],[33.36204,"n",83,64,0.25862,"v1"],[33.62066,"n",85,64,0.12931,"v1"],[33.87929,"n",86,64,0.12931,"v1"],[34.13791,"n",88,64,0.12931,"v1"],[34.39653,"n",86,64,0.06466,"v1"],[34.46118,"n",88,64,0.06466,"v1"],[34.52584,"n",86,64,0.12931,"v1"],[34.65515,"n",85,64,0.12931,"v1"],[34.91377,"n",83,64,0.12931,"v1"],[35.17239,"n",85,64,0.12931,"v1"],[35.43101,"n",81,64,0.12931,"v1"],[35.68963,"n",81,64,0.12931,"v1"],[35.81894,"n",80,64,0.12931,"v1"],[35.94825,"n",81,64,0.12931,"v1"],[36.07756,"n",83,64,0.12931,"v1"],[36.20687,"n",85,64,0.12931,"v1"],[36.33618,"n",83,64,0.12931,"v1"],[36.46549,"n",85,64,0.12931,"v1"],[36.5948,"n",86,64,0.12931,"v1"],[36.72411,"n",88,64,0.38793,"v1"]],[[0.0,"br",12],[0.0,"ls",44],[0.0,"br",12],[0.0,"ls",44],[0.0,"n",50,64,0.12931,"v2"],[0.25862,"n",57,64,0.12931,"v0"],[0.51724,"n",45,64,0.12931,"v2"],[0.77586,"n",57,64,0.12931,"v0"],[1.03448,"n",47,64,0.12931,"v2"],[1.2931,"n",57,64,0.12931,"v0"],[1.55172,"n",49,64,0.12931,"v2"],[1.81034,"n",57,64,0.12931,"v0"],[2.06896,"n",50,64,0.12931,"v2"],[2.32758,"n",57,64,0.12931,"v0"],[2.58621,"n",45,64,0.12931,"v2"],[2.84483,"n",57,64,0.12931,"v0"],[3.10345,"n",47,64,0.12931,"v2"],[3.36207,"n",57,64,0.12931,"v0"],[3.62069,"n",49,64,0.12931,"v2"],[3.87931,"n",57,64,0.12931,"v0"],[4.13793,"n",50,64,0.12931,"v2"],[4.39655,"n",57,64,0.12931,"v0"],[4.65517,"n",45,64,0.12931,"v2"],[4.91379,"n",57,64,0.12931,"v0"],[5.17241,"n",47,64,0.12931,"v2"],[5.43103,"n",57,64,0.12931,"v0"],[5.68965,"n",49,64,0.12931,"v2"],[5.94827,"n",57,64,0.12931,"v0"],[6.20689,"n",52,64,0.12931,"v2"],[6.46551,"n",59,64,0.12931,"v0"],[6.72413,"n",47,64,0.12931,"v2"],[6.98275,"n",59,64,0.12931,"v0"],[7.24137,"n",49,64,0.12931,"v2"],[7.49999,"n",61,64,0.12931,"v0"],[7.75861,"n",45,64,0.12931,"v2"],[8.01724,"n",61,64,0.12931,"v0"],[8.27586,"n",47,64,0.12931,"v2"],[8.53448,"n",59,64,0.12931,"v0"],[8.7931,"n",46,64,0.12931,"v2"],[9.05172,"n",59,64,0.12931,"v0"],[9.31034,"n",45,64,0.12931,"v2"],[9.56896,"n",59,64,0.12931,"v0"],[9.82758,"n",44,64,0.12931,"v2"],[10.0862,"n",59,64,0.12931,"v0"],[10.34482,"n",43,64,0.12931,"v2"],[10.60344,"n",59,64,0.12931,"v0"],[10.86206,"n",43,64,0.12931,"v2"],[11.12068,"n",59,64,0.12931,"v0"],[11.3793,"n",45,64,0.12931,"v2"],[11.63792,"n",61,64,0.12931,"v0"],[11.89654,"n",45,64,0.12931,"v2"],[12.15516,"n",61,64,0.12931,"v0"],[12.41378,"n",50,64,0.12931,"v2"],[12.6724,"n",57,64,0.12931,"v0"],[12.93102,"n",45,64,0.12931,"v2"],[13.18965,"n",57,64,0.12931,"v0"],[13.44827,"n",47,64,0.12931,"v2"],[13.70689,"n",57,64,0.12931,"v0"],[13.96551,"n",49,64,0.12931,"v2"],[14.22413,"n",57,64,0.12931,"v0"],[14.48275,"n",52,64,0.12931,"v2"],[14.74137,"n",59,64,0.12931,"v0"],[14.99999,"n",47,64,0.12931,"v2"],[15.25861,"n",59,64,0.12931,"v0"],[15.51723,"n",49,64,0.12931,"v2"],[15.77585,"n",61,64,0.12931,"v0"],[16.03447,"n",45,64,0.12931,"v2"],[16.29309,"n",61,64,0.12931,"v0"],[16.55171,"n",47,64,0.12931,"v2"],[16.81033,"n",59,64,0.12931,"v0"],[17.06895,"n",46,64,0.12931,"v2"],[17.32757,"n",59,64,0.12931,"v0"],[17.58619,"n",45,64,0.12931,"v2"],[17.84481,"n",59,64,0.12931,"v0"],[18.10344,"n",44,64,0.12931,"v2"],[18.36206,"n",59,64,0.12931,"v0"],[18.62068,"n",43,64,0.12931,"v2"],[18.8793,"n",59,64,0.12931,"v0"],[19.13792,