{"name":"mus_rg_encounter_girl","title":"FRLG Encounter Girl","reverb":50,"loopStart":1.20689,"loopEnd":6.72413,"tracks":[[[0.0,"v",51],[0.0,"p",-29],[0.0,"n",76,104,0.25862,"v0"],[0.51724,"n",72,127,0.0431,"v0"],[0.68965,"n",71,127,0.0431,"v0"],[0.86207,"n",69,127,0.0431,"v1"],[1.03448,"n",68,127,0.17241,"v1"],[1.20689,"n",67,127,0.0431,"v1"],[1.55172,"n",67,127,0.17241,"v1"],[1.89655,"n",67,127,0.0431,"v1"],[2.24138,"n",67,127,0.17241,"v1"],[2.5862,"n",66,127,0.0431,"v1"],[2.93103,"n",66,127,0.17241,"v1"],[3.27586,"n",66,127,0.0431,"v1"],[3.62068,"n",66,127,0.17241,"v1"],[3.7931,"n",69,120,0.08621,"v1"],[3.96551,"n",67,127,0.0431,"v1"],[4.31034,"n",67,127,0.17241,"v1"],[4.65516,"n",67,127,0.0431,"v1"],[4.99999,"n",67,127,0.17241,"v1"],[5.34482,"n",65,127,0.0431,"v1"],[5.68965,"n",65,127,0.17241,"v1"],[6.03447,"n",65,127,0.0431,"v1"],[6.3793,"n",65,127,0.17241,"v1"]],[[0.0,"ls",44],[0.0,"br",12],[0.0,"p",0],[0.0,"v",49],[0.0,"n",79,127,0.17241,"v0"],[0.17241,"n",91,127,1.03448,"v0"],[1.20689,"n",79,127,0.17241,"v2"],[1.2931,"m",3],[1.37931,"m",0],[1.37931,"n",72,96,0.01437,"v2"],[1.50862,"n",72,96,0.01437,"v2"],[1.55172,"n",83,127,0.34483,"v2"],[1.63793,"m",2],[1.89655,"m",0],[1.89655,"n",84,127,0.17241,"v2"],[1.98276,"m",3],[2.06896,"m",0],[2.06896,"n",72,96,0.01437,"v2"],[2.24138,"n",83,127,0.17241,"v2"],[2.32758,"m",3],[2.41379,"m",0],[2.41379,"n",79,96,0.01437,"v2"],[2.5862,"n",81,127,0.17241,"v2"],[2.67241,"m",3],[2.75862,"m",0],[2.75862,"n",79,127,0.0431,"v2"],[2.93103,"n",78,127,0.17241,"v2"],[3.01724,"m",3],[3.10344,"m",0],[3.10344,"n",76,127,0.0431,"v2"],[3.27586,"n",75,127,0.17241,"v2"],[3.36206,"m",3],[3.44827,"m",0],[3.44827,"n",76,127,0.0431,"v2"],[3.62068,"n",78,127,0.17241,"v2"],[3.70689,"m",3],[3.7931,"m",0],[3.7931,"n",81,127,0.0431,"v2"],[3.96551,"n",79,127,0.17241,"v2"],[4.05172,"m",3],[4.13792,"m",0],[4.13792,"n",72,96,0.01437,"v2"],[4.26723,"n",72,96,0.01437,"v2"],[4.31034,"n",81,127,0.34483,"v2"],[4.39654,"m",2],[4.65516,"m",0],[4.65516,"n",79,127,0.17241,"v2"],[4.74137,"m",3],[4.82758,"m",0],[4.82758,"n",72,96,0.01437,"v2"],[4.99999,"n",77,127,0.17241,"v2"],[5.0862,"m",3],[5.17241,"m",0],[5.17241,"n",76,120,0.01437,"v2"],[5.34482,"n",76,127,0.17241,"v2"],[5.43103,"m",3],[5.51723,"m",0],[5.51723,"n",74,127,0.0431,"v2"],[5.68965,"n",72,127,0.17241,"v2"],[5.77585,"m",3],[5.86206,"m",0],[5.86206,"n",71,127,0.0431,"v2"],[6.03447,"n",72,127,0.17241,"v2"],[6.12068,"m",3],[6.20689,"m",0],[6.20689,"n",74,127,0.0431,"v2"],[6.3793,"n",76,127,0.17241,"v2"],[6.46551,"m",3],[6.55171,"m",0],[6.55171,"n",77,127,0.0431,"v2"]],[[0.0,"ls",44],[0.0,"br",12],[0.0,"v",39],[0.0,"p",-40],[0.68965,"n",81,104,0.0431,"v3"],[0.86207,"n",79,104,0.0431,"v3"],[1.03448,"n",77,104,0.17241,"v3"],[1.20689,"v",39],[1.20689,"n",76,120,1.20689,"v3"],[1.3362,"v",11],[1.42241,"v",16],[1.55172,"v",22],[1.72414,"v",28],[1.89655,"v",34],[1.89655,"m",7],[2.06896,"v",39],[2.24138,"v",45],[2.41379,"v",39],[2.41379,"m",0],[2.41379,"n",81,120,0.08621,"v3"],[2.5,"n",77,120,0.08621,"v3"],[2.5862,"v",39],[2.5862,"n",75,120,1.20689,"v3"],[2.71551,"v",11],[2.80172,"v",16],[2.93103,"v",22],[3.10344,"v",28],[3.27586,"v",34],[3.27586,"m",7],[3.44827,"v",39],[3.62068,"v",45],[3.7931,"v",39],[3.7931,"m",0],[3.7931,"n",77,120,0.08621,"v3"],[3.8793,"n",74,120,0.08621,"v3"],[3.96551,"v",39],[3.96551,"n",76,120,1.20689,"v3"],[4.09482,"v",11],[4.18103,"v",16],[4.31034,"v",22],[4.48275,"v",28],[4.65516,"v",34],[4.65516,"m",7],[4.82758,"v",39],[4.99999,"v",45],[5.17241,"v",39],[5.17241,"m",0],[5.17241,"n",79,120,0.08621,"v3"],[5.25861,"n",76,120,0.08621,"v3"],[5.34482,"v",39],[5.34482,"n",74,120,1.20689,"v3"],[5.47413,"v",11],[5.56034,"v",16],[5.68965,"v",22],[5.86206,"v",28],[6.03447,"v",34],[6.03447,"m",7],[6.20689,"v",39],[6.3793,"v",45],[6.55171,"v",39],[6.55171,"m",0],[6.55171,"n",77,120,0.08621,"v3"],[6.63792,"n",81,120,0.08621,"v3"]],[[0.0,"br",12],[0.0,"ls",44],[0.0,"br",12],[0.0,"ls",44],[0.0,"v",45],[0.0,"p",0],[1.20689,"n",48,127,0.08621,"v4"],[1.55172,"n",40,120,0.34483,"v4"],[1.89655,"n",48,127,0.08621,"v4"],[2.24138,"n",40,127,0.17241,"v4"],[2.41379,"n",41,127,0.17241,"v4"],[2.5862,"n",48,127,0.08621,"v4"],[2.93103,"n",39,127,0.34483,"v4"],[3.27586,"n",48,127,0.08621,"v4"],[3.62068,"n",39,127,0.17241,"v4"],[3.7931,"n",43,120,0.21552,"v4"],[3.96551,"n",48,127,0.08621,"v4"],[4.31034,"n",40,127,0.34483,"v4"],[4.65516,"n",48,127,0.08621,"v4"],[4.99999,"n",40,127,0.34483,"v4"],[5.34482,"n",48,120,0.08621,"v4"],[5.68965,"n",38,127,0.34483,"v4"],[6.03447,"n",48,127,0.08621,"v4"],[6.3793,"n",38,127,0.34483,"v4"]],[[0.0,"ls",44],[0.0,"br",12],[0.0,"v",46],[0.0,"p",47],[0.0,"b",1],[0.0,"n",79,104,0.17241,"v0"],[0.17241,"n",91,104,1.03448,"v0"],[1.20689,"p",32],[1.20689,"b",0],[1.20689,"n",60,120,0.0431,"v1"],[1.55172,"n",60,120,0.17241,"v1"],[1.89655,"n",60,120,0.0431,"v1"],[2.24138,"n",60,120,0.17241,"v1"],[2.5862,"n",60,120,0.0431,"v1"],[2.93103,"n",60,120,0.17241,"v1"],[3.27586,"n",60,120,0.0431,"v1"],[3.62068,"n",60,120,0.17241,"v1"],[3.96551,"n",60,127,0.0431,"v1"],[4.31034,"n",60,127,0.17241,"v1"],[4.65516,"n",60,127,0.0431,"v1"],[4.99999,"n",60,127,0.17241,"v1"],[5.34482,"n",60,127,0.0431,"v1"],[5.68965,"n",60,127,0.17241,"v1"],[6.03447,"n",60,127,0.0431,"v1"],[6.3793,"n",60,127,0.17241,"v1"]],[[0.0,"ls",44],[0.0,"br",12],[0.0,"p",0],[0.0,"v",45],[0.0,"n",79,127,0.17241,"v5"],[0.17241,"n",91,127,1.03448,"v6"],[0.51724,"v",41],[0.56034,"v",38],[0.60345,"v",36],[0.64655,"v",34],[0.68965,"v",31],[0.73276,"v",29],[0.77586,"v",25],[0.81896,"v",22],[0.86207,"v",20],[0.90517,"v",17],[0.94827,"v",14],[0.99138,"v",12],[1.03448,"v",9],[1.07758,"v",7],[1.12069,"v",5],[1.16379,"v",2],[1.20689,"v",0]],[[0.0,"ls",44],[0.0,"ev",18],[0.0,"ev",16],[0.0,"br",12],[0.0,"p",63],[0.0,"v",28],[1.20689,"n",72,120,0.17241,"v7"],[1.2931,"m",6],[1.37931,"m",0],[1.55172,"n",74,120,0.34483,"v7"],[1.63793,"m",5],[1.89655,"m",0],[1.89655,"n",76,120,0.17241,"v7"],[1.98276,"m",6],[2.06896,"m",0],[2.24138,"n",74,120,0.17241,"v7"],[2.32758,"m",6],[2.41379,"m",0],[2.5862,"n",75,120,0.17241,"v7"],[2.67241,"m",6],[2.75862,"m",0],[2.75862,"n",72,120,0.01437,"v7"],[2.93103,"n",75,120,0.17241,"v7"],[3.01724,"m",6],[3.10344,"m",0],[3.10344,"n",72,120,0.01437,"v7"],[3.27586,"n",72,120,0.17241,"v7"],[3.36206,"m",6],[3.44827,"m",0],[3.44827,"n",67,120,0.01437,"v7"],[3.62068,"n",75,120,0.17241,"v7"],[3.70689,"m",6],[3.7931,"m",0],[3.7931,"n",72,120,0.01437,"v7"],[3.96551,"n",72,120,0.17241,"v7"],[4.05172,"m",6],[4.13792,"m",0],[4.31034,"n",74,120,0.34483,"v7"],[4.39654,"m",5],[4.65516,"m",0],[4.65516,"n",76,120,0.17241,"v7"],[4.74137,"m",6],[4.82758,"m",0],[4.99999,"n",74,120,0.17241,"v7"],[5.0862,"m",6],[5.17241,"m",0],[5.34482,"n",72,120,0.17241,"v7"],[5.43103,"m",6],[5.51723,"m",0],[5.51723,"n",71,120,0.01437,"v7"],[5.68965,"n",69,120,0.17241,"v7"],[5.77585,"m",6],[5.86206,"m",0],[5.86206,"n",67,120,0.01437,"v7"],[6.03447,"n",65,120,0.17241,"v7"],[6.12068,"m",6],[6.20689,"m",0],[6.20689,"n",67,120,0.01437,"v7"],[6.3793,"n",69,120,0.17241,"v7"],[6.46551,"m",6],[6.55171,"m",0],[6.55171,"n",71,120,0.01437,"v7"]],[[0.0,"ls",44],[0.0,"ev",18],[0.0,"ev",16],[0.0,"br",12],[0.0,"p",-1],[0.0,"v",51],[1.20689,"n",84,104,0.0431,"v8"],[1.55172,"n",84,84,0.0431,"v8"],[1.72414,"n",84,44,0.0431,"v8"],[2.24138,"n",84,84,0.0431,"v8"],[2.41379,"n",84,44,0.0431,"v8"],[2.5862,"n",84,112,0.0431,"v8"],[2.93103,"n",84,84,0.0431,"v8"],[3.10344,"n",84,44,0.0431,"v8"],[3.27586,"n",84,76,0.0431,"v8"],[3.36206,"n",84,52,0.0431,"v8"],[3.44827,"n",84,64,0.0431,"v8"],[3.53448,"n",84,56,0.0431,"v8"],[3.62068,"n",84,80,0.0431,"v8"],[3.70689,"n",84,52,0.0431,"v8"],[3.7931,"n",84,100,0.0431,"v8"],[3.8793,"n",84,72,0.0431,"v8"],[3.96551,"n",84,104,0.0431,"v8"],[4.31034,"n",84,84,0.0431,"v8"],[4.48275,"n",84,44,0.0431,"v8"],[4.99999,"n",84,84,0.0431,"v8"],[5.17241,"n",84,44,0.0431,"v8"],[5.34482,"n",84,112,0.0431,"v8"],[5.68965,"n",84,84,0.0431,"v8"],[5.86206,"n",84,44,0.0431,"v8"],[6.03447,"n",84,84,0.0431,"v8"],[6.20689,"n",84,44,0.0431,"v8"],[6.3793,