{"name":"mus_help","title":"Help","reverb":50,"loopStart":1.91287,"loopEnd":8.06671,"tracks":[[[0.0,"p",0],[0.0,"v",49],[0.0,"n",86,112,0.05515,"v0"],[0.05515,"n",87,112,0.05515,"v0"],[0.11029,"n",91,112,0.11029,"v0"],[0.22059,"n",90,112,0.11029,"v0"],[0.33088,"n",89,112,0.11029,"v0"],[0.44118,"n",87,112,0.11029,"v0"],[0.66176,"n",86,112,0.11029,"v0"],[0.88235,"n",84,112,0.11029,"v0"],[1.10294,"n",83,112,0.11029,"v0"],[1.43382,"n",82,112,0.47905,"v0"],[2.10518,"n",79,112,0.14423,"v0"],[2.24941,"n",79,36,0.09615,"v0"],[2.39364,"n",79,112,0.04808,"v0"],[2.44172,"n",79,36,0.09615,"v0"],[2.87441,"n",80,112,0.14423,"v0"],[3.01864,"n",80,36,0.09615,"v0"],[3.16287,"n",80,112,0.04808,"v0"],[3.21095,"n",80,36,0.09615,"v0"],[3.64364,"n",81,112,0.14423,"v0"],[3.78787,"n",81,36,0.09615,"v0"],[3.9321,"n",81,112,0.04808,"v0"],[3.98018,"n",81,36,0.09615,"v0"],[4.41287,"n",80,112,0.14423,"v0"],[4.5571,"n",80,36,0.09615,"v0"],[4.70133,"n",80,112,0.04808,"v0"],[4.74941,"n",80,36,0.09615,"v0"],[5.1821,"n",79,112,0.14423,"v0"],[5.32633,"n",79,36,0.09615,"v0"],[5.47056,"n",79,112,0.04808,"v0"],[5.51864,"n",79,36,0.09615,"v0"],[5.95133,"n",80,112,0.14423,"v0"],[6.09556,"n",80,36,0.09615,"v0"],[6.23979,"n",80,112,0.04808,"v0"],[6.28787,"n",80,36,0.09615,"v0"],[6.72056,"n",81,112,0.14423,"v0"],[6.86479,"n",81,36,0.09615,"v0"],[7.00902,"n",81,112,0.04808,"v0"],[7.0571,"n",81,36,0.09615,"v0"],[7.48979,"n",82,124,0.04808,"v0"],[7.58595,"n",82,112,0.04808,"v0"],[7.6821,"n",82,104,0.04808,"v0"],[7.87441,"n",82,104,0.04808,"v0"],[7.97056,"n",82,116,0.04808,"v0"]],[[0.0,"p",7],[0.0,"v",78],[1.32353,"n",55,112,0.11029,"v1"],[1.43382,"n",43,112,0.47905,"v1"],[1.91287,"n",36,112,0.19231,"v1"],[2.10518,"n",48,112,0.04808,"v1"],[2.29749,"n",36,112,0.04808,"v1"],[2.39364,"n",36,112,0.04808,"v1"],[2.4898,"n",48,112,0.04808,"v1"],[2.58595,"n",48,112,0.04808,"v1"],[2.6821,"n",36,112,0.19231,"v1"],[2.87441,"n",48,112,0.04808,"v1"],[3.06672,"n",36,112,0.19231,"v1"],[3.25903,"n",48,112,0.04808,"v1"],[3.35518,"n",48,112,0.04808,"v1"],[3.45133,"n",36,112,0.19231,"v1"],[3.64364,"n",48,112,0.04808,"v1"],[3.83595,"n",36,112,0.19231,"v1"],[4.02826,"n",48,112,0.04808,"v1"],[4.22056,"n",36,112,0.19231,"v1"],[4.41287,"n",48,112,0.04808,"v1"],[4.60518,"n",36,112,0.19231,"v1"],[4.79749,"n",48,112,0.04808,"v1"],[4.98979,"n",36,112,0.19231,"v1"],[5.1821,"n",48,112,0.04808,"v1"],[5.37441,"n",36,112,0.04808,"v1"],[5.47056,"n",36,112,0.04808,"v1"],[5.56672,"n",48,112,0.04808,"v1"],[5.66287,"n",48,112,0.04808,"v1"],[5.75902,"n",36,112,0.19231,"v1"],[5.95133,"n",48,112,0.04808,"v1"],[6.14364,"n",36,112,0.19231,"v1"],[6.33595,"n",48,112,0.04808,"v1"],[6.4321,"n",48,112,0.04808,"v1"],[6.52825,"n",36,112,0.19231,"v1"],[6.72056,"n",48,112,0.04808,"v1"],[6.91287,"n",36,112,0.19231,"v1"],[7.10518,"n",48,112,0.04808,"v1"],[7.29748,"n",43,112,0.19231,"v1"],[7.48979,"n",55,124,0.04808,"v1"],[7.6821,"n",43,104,0.04808,"v1"],[7.77825,"n",47,112,0.04808,"v1"],[7.87441,"n",53,104,0.04808,"v1"],[7.97056,"n",55,112,0.04808,"v1"]],[[0.0,"p",-46],[0.0,"v",39],[0.11029,"n",83,112,0.11029,"v2"],[0.22059,"n",82,112,0.11029,"v2"],[0.33088,"n",81,112,0.11029,"v2"],[0.44118,"n",79,112,0.11029,"v2"],[0.66176,"n",77,112,0.11029,"v2"],[0.88235,"n",75,112,0.11029,"v2"],[1.10294,"n",74,112,0.11029,"v2"],[1.43382,"n",77,112,0.47905,"v2"],[2.10518,"n",72,112,0.14423,"v2"],[2.39364,"n",72,112,0.04808,"v2"],[2.87441,"n",73,112,0.14423,"v2"],[3.16287,"n",73,112,0.04808,"v2"],[3.64364,"n",74,112,0.14423,"v2"],[3.9321,"n",74,112,0.04808,"v2"],[4.41287,"n",73,112,0.14423,"v2"],[4.70133,"n",73,112,0.04808,"v2"],[5.1821,"n",72,112,0.14423,"v2"],[5.47056,"n",72,112,0.04808,"v2"],[5.95133,"n",73,112,0.14423,"v2"],[6.23979,"n",73,112,0.04808,"v2"],[6.72056,"n",74,112,0.14423,"v2"],[7.00902,"n",74,112,0.04808,"v2"],[7.48979,"n",77,124,0.04808,"v2"],[7.58595,"n",77,112,0.04808,"v2"],[7.6821,"n",77,104,0.04808,"v2"],[7.87441,"n",77,104,0.04808,"v2"],[7.97056,"n",77,116,0.04808,"v2"]],[[0.0,"p",0],[0.0,"v",48],[0.0,"ls",44],[0.0,"ev",12],[0.0,"ev",22],[0.0,"br",12],[0.0,"b",2],[1.32353,"n",55,112,0.11029,"v3"],[1.43382,"n",43,112,0.47905,"v3"],[1.91287,"n",36,112,0.19231,"v3"],[2.10518,"n",48,112,0.04808,"v3"],[2.29749,"n",36,112,0.04808,"v3"],[2.39364,"n",36,112,0.04808,"v3"],[2.4898,"n",48,112,0.04808,"v3"],[2.58595,"n",48,112,0.04808,"v3"],[2.6821,"n",36,112,0.19231,"v3"],[2.87441,"n",48,112,0.04808,"v3"],[3.06672,"n",36,112,0.19231,"v3"],[3.25903,"n",48,112,0.04808,"v3"],[3.35518,"n",48,112,0.04808,"v3"],[3.45133,"n",36,112,0.19231,"v3"],[3.64364,"n",48,112,0.04808,"v3"],[3.83595,"n",36,112,0.19231,"v3"],[4.02826,"n",48,112,0.04808,"v3"],[4.22056,"n",36,112,0.19231,"v3"],[4.41287,"n",48,112,0.04808,"v3"],[4.60518,"n",36,112,0.19231,"v3"],[4.79749,"n",48,112,0.04808,"v3"],[4.98979,"n",36,112,0.19231,"v3"],[5.1821,"n",48,112,0.04808,"v3"],[5.37441,"n",36,112,0.04808,"v3"],[5.47056,"n",36,112,0.04808,"v3"],[5.56672,"n",48,112,0.04808,"v3"],[5.66287,"n",48,112,0.04808,"v3"],[5.75902,"n",36,112,0.19231,"v3"],[5.95133,"n",48,112,0.04808,"v3"],[6.14364,"n",36,112,0.19231,"v3"],[6.33595,"n",48,112,0.04808,"v3"],[6.4321,"n",48,112,0.04808,"v3"],[6.52825,"n",36,112,0.19231,"v3"],[6.72056,"n",48,112,0.04808,"v3"],[6.91287,"n",36,112,0.19231,"v3"],[7.10518,"n",48,112,0.04808,"v3"],[7.29748,"n",43,112,0.19231,"v3"],[7.48979,"n",55,124,0.04808,"v3"],[7.6821,"n",43,104,0.04808,"v3"],[7.77825,"n",47,112,0.04808,"v3"],[7.87441,"n",53,104,0.04808,"v3"],[7.97056,"n",55,112,0.04808,"v3"]],[[0.0,"p",63],[0.0,"ls",44],[0.0,"ev",12],[0.0,"ev",22],[0.0,"br",12],[0.0,"v",50],[1.32353,"n",59,84,0.11029,"v4"],[1.43382,"n",67,88,0.47905,"v4"],[1.91287,"p",-62],[1.91287,"n",67,96,0.04808,"v4"],[2.00903,"n",63,48,0.04808,"v4"],[2.10518,"n",60,48,0.04808,"v4"],[2.20134,"n",55,48,0.04808,"v4"],[2.29749,"p",63],[2.29749,"n",67,96,0.04808,"v4"],[2.39364,"n",63,48,0.04808,"v4"],[2.4898,"n",60,48,0.04808,"v4"],[2.58595,"n",55,48,0.04808,"v4"],[2.6821,"p",-62],[2.6821,"n",68,96,0.04808,"v4"],[2.77826,"n",64,48,0.04808,"v4"],[2.87441,"n",61,48,0.04808,"v4"],[2.97057,"n",56,48,0.04808,"v4"],[3.06672,"p",63],[3.06672,"n",68,96,0.04808,"v4"],[3.16287,"n",64,48,0.04808,"v4"],[3.25903,"n",61,48,0.04808,"v4"],[3.35518,"n",56,48,0.04808,"v4"],[3.45133,"p",-62],[3.45133,"n",69,96,0.04808,"v4"],[3.54749,"n",65,48,0.04808,"v4"],[3.64364,"n",62,48,0.04808,"v4"],[3.7398,"n",57,48,0.04808,"v4"],[3.83595,"p",63],[3.83595,"n",69,96,0.04808,"v4"],[3.9321,"n",65,48,0.04808,"v4"],[4.02826,"n",62,48,0.04808,"v4"],[4.12441,"n",57,48,0.04808,"v4"],[4.22056,"p",-62],[4.22056,"n",68,96,0.04808,"v4"],[4.31672,"n",64,48,0.04808,"v4"],[4.41287,"n",61,48,0.04808,"v4"],[4.50903,"n",56,48,0.04808,"v4"],[4.60518,"p",63],[4.60518,"n",68,96,0.04808,"v4"],[4.70133,"n",64,48,0.04808,"v4"],[4.79749,"n",61,48,0.04808,"v4"],[4.89364,"n",56,48,0.04808,"v4"],[4.98979,"p",-62],[4.98979,"n",67,96,0.04808,"v4"],[5.08595,"n",63,48,0.04808,"v4"],[5.1821,"n",60,48,0.04808,"v4"],[5.27826,"n",55,48,0.04808,"v4"],[5.37441,"p",63],[5.37441,"n",67,96,0.04808,"v4"],[5.47056,"n",63,48,0.04808,"v4"],[5.56672,"n",60,48,0.04808,"v4"],[5.66287,"n",55,48,0.04808,"v4"],[5.75902,"p",-62],[5.75902,"n",68,96,0.04808,"v4"],[5.85518,"n",64,48,0.04808,"v4"],[5.95133,"n",61,48,0.04808,"v4"],[6.04749,"n",56,48,0.04808,"v4"],[6.14364,"p",63],[6.14364,"n",68,96,0.04808,"v4"],[6.23979,"n",64,48,0.04808,"v4"],[6.33595,"n",61,48,0.04808,"v4"],[6.4321,"n",56,48,0.04808,"v4"],[6.52825,"p",-62],[6.52825,"n",69,96,0.04808,"v4"],[6.62441,"n",65,48,0.04808,"v4"],[6.72056,"n",62,48,0.04808,"v4"],[6.81672,"n",57,48,0.04808,"v4"],[6.91287,"p",63],[6.91287,"n",69,96,0.04808,"v4"],[7.00902,"n",65,48,0.04808,"v4"],[7.10518,"n",62,48,0.04808,"v4"],[7.20133,"n",57,48,0.04808,"v4"],[7.29748,"p",0],[7.29748,"n",70,100,0.0641,"v4"],[7.42569,"n",65,84,0.0641,"v4"],[7.55389,"n",59,84,0.0641,"v4"],[7.6821,"n",55,112,0.04808,"v4"],[7.77825,"n",59,112,0.04808,"v4"],[7.87441,"n",62,112,0.04808,"v4"],[7.97056,"n",65,112,0.04808,"v4"]],[[0.0,"ls",44],[0.0,"ev",12],[0.0,"ev",22],