{"name":"mus_b_dome_lobby","title":"Battle Dome Lobby","reverb":50,"loopStart":6.66666,"loopEnd":19.99997,"tracks":[[[0.0,"p",0],[0.0,"v",56],[0.0,"n",36,112,0.10417,"v0"],[0.0,"n",41,112,0.10417,"v1"],[0.41667,"n",36,112,0.10417,"v0"],[0.41667,"n",41,112,0.10417,"v1"],[0.83333,"n",38,112,0.10417,"v2"],[0.83333,"n",39,112,0.10417,"v3"],[1.04167,"n",39,64,0.10417,"v3"],[1.25,"n",39,36,0.10417,"v3"],[1.45833,"n",39,28,0.10417,"v3"],[1.45833,"n",50,112,0.10417,"v4"],[1.5625,"n",50,112,0.10417,"v4"],[1.66666,"n",36,112,0.10417,"v0"],[1.66666,"n",48,112,0.20833,"v5"],[1.875,"n",45,112,0.20833,"v6"],[2.08333,"n",36,112,0.10417,"v0"],[2.08333,"n",43,112,0.20833,"v7"],[2.29166,"n",41,112,0.20833,"v1"],[2.5,"n",38,112,0.10417,"v2"],[2.5,"n",39,112,0.10417,"v3"],[2.70833,"n",39,64,0.10417,"v3"],[2.91666,"n",39,36,0.10417,"v3"],[3.125,"n",39,28,0.10417,"v3"],[3.33333,"n",36,112,0.10417,"v0"],[3.33333,"n",41,112,0.10417,"v1"],[3.74999,"n",36,112,0.10417,"v0"],[3.74999,"n",41,112,0.10417,"v1"],[4.16666,"n",38,112,0.10417,"v2"],[4.16666,"n",39,112,0.10417,"v3"],[4.37499,"n",39,64,0.10417,"v3"],[4.58333,"n",39,36,0.10417,"v3"],[4.79166,"n",39,28,0.10417,"v3"],[4.79166,"n",50,112,0.10417,"v4"],[4.89583,"n",50,112,0.10417,"v4"],[4.99999,"n",36,112,0.10417,"v0"],[4.99999,"n",48,112,0.20833,"v5"],[5.20832,"n",45,112,0.10417,"v6"],[5.31249,"n",45,112,0.10417,"v6"],[5.41666,"n",36,112,0.10417,"v0"],[5.41666,"n",43,112,0.20833,"v7"],[5.62499,"n",41,112,0.10417,"v1"],[5.72916,"n",41,112,0.10417,"v1"],[5.83332,"n",36,112,0.10417,"v0"],[5.83332,"n",49,68,0.625,"v8"],[6.04166,"n",38,112,0.10417,"v2"],[6.04166,"n",39,112,0.10417,"v3"],[6.24999,"n",36,112,0.10417,"v0"],[6.24999,"n",39,64,0.10417,"v3"],[6.45832,"n",39,112,0.10417,"v3"],[6.45832,"n",57,72,0.20833,"v9"],[6.56249,"n",38,112,0.10417,"v2"],[6.66666,"n",36,112,0.10417,"v0"],[6.66666,"n",41,112,0.10417,"v1"],[6.66666,"n",55,84,0.41667,"v10"],[7.08332,"n",36,112,0.10417,"v0"],[7.08332,"n",41,112,0.10417,"v1"],[7.49999,"n",38,112,0.10417,"v2"],[7.49999,"n",39,112,0.10417,"v3"],[7.70832,"n",39,64,0.10417,"v3"],[7.70832,"n",48,112,0.10417,"v5"],[7.91665,"n",39,36,0.10417,"v3"],[7.91665,"n",47,112,0.10417,"v11"],[8.12499,"n",39,28,0.10417,"v3"],[8.12499,"n",43,112,0.10417,"v7"],[8.33332,"n",36,112,0.10417,"v0"],[8.33332,"n",41,112,0.10417,"v1"],[8.74999,"n",36,112,0.10417,"v0"],[8.74999,"n",41,112,0.10417,"v1"],[9.16665,"n",38,112,0.10417,"v2"],[9.16665,"n",39,112,0.10417,"v3"],[9.37499,"n",39,64,0.10417,"v3"],[9.58332,"n",39,36,0.10417,"v3"],[9.79165,"n",39,28,0.10417,"v3"],[9.99998,"n",36,112,0.10417,"v0"],[9.99998,"n",41,112,0.10417,"v1"],[10.41665,"n",36,112,0.10417,"v0"],[10.41665,"n",41,112,0.10417,"v1"],[10.83332,"n",38,112,0.10417,"v2"],[10.83332,"n",39,112,0.10417,"v3"],[11.04165,"n",39,64,0.10417,"v3"],[11.24998,"n",39,36,0.10417,"v3"],[11.45831,"n",39,28,0.10417,"v3"],[11.45831,"n",50,112,0.10417,"v4"],[11.56248,"n",50,112,0.10417,"v4"],[11.66665,"n",36,112,0.10417,"v0"],[11.66665,"n",48,112,0.20833,"v5"],[11.87498,"n",45,112,0.20833,"v6"],[12.08331,"n",36,112,0.10417,"v0"],[12.08331,"n",38,112,0.10417,"v2"],[12.08331,"n",43,112,0.20833,"v7"],[12.08331,"n",57,72,0.41667,"v9"],[12.29165,"n",41,112,0.20833,"v1"],[12.4479,"n",38,72,0.05208,"v2"],[12.49998,"n",38,112,0.10417,"v2"],[12.49998,"n",39,112,0.10417,"v3"],[12.49998,"n",49,76,0.41667,"v8"],[12.70831,"n",36,112,0.10417,"v0"],[12.70831,"n",39,64,0.10417,"v3"],[12.70831,"n",41,112,0.20833,"v1"],[12.91665,"n",39,36,0.10417,"v3"],[13.12498,"n",38,112,0.10417,"v2"],[13.12498,"n",39,112,0.10417,"v3"],[13.22915,"n",38,68,0.10417,"v2"],[13.33331,"n",36,112,0.10417,"v0"],[13.33331,"n",41,112,0.10417,"v1"],[13.74998,"n",36,112,0.10417,"v0"],[13.74998,"n",41,112,0.10417,"v1"],[14.16664,"n",38,112,0.10417,"v2"],[14.16664,"n",39,112,0.10417,"v3"],[14.37498,"n",39,64,0.10417,"v3"],[14.37498,"n",48,112,0.20833,"v5"],[14.58331,"n",39,36,0.10417,"v3"],[14.58331,"n",47,112,0.20833,"v11"],[14.79164,"n",39,28,0.10417,"v3"],[14.79164,"n",43,112,0.20833,"v7"],[14.99998,"n",36,112,0.10417,"v0"],[14.99998,"n",41,112,0.10417,"v1"],[15.41664,"n",36,112,0.10417,"v0"],[15.41664,"n",41,112,0.10417,"v1"],[15.83331,"n",38,112,0.10417,"v2"],[15.83331,"n",39,112,0.10417,"v3"],[16.04164,"n",39,64,0.10417,"v3"],[16.24997,"n",39,36,0.10417,"v3"],[16.45831,"n",39,28,0.10417,"v3"],[16.66664,"n",36,112,0.10417,"v0"],[16.66664,"n",41,112,0.10417,"v1"],[17.08331,"n",36,112,0.10417,"v0"],[17.08331,"n",41,112,0.10417,"v1"],[17.49997,"n",38,112,0.10417,"v2"],[17.49997,"n",39,112,0.10417,"v3"],[17.7083,"n",39,64,0.10417,"v3"],[17.91664,"n",39,36,0.10417,"v3"],[18.12497,"n",39,28,0.10417,"v3"],[18.12497,"n",50,112,0.10417,"v4"],[18.22914,"n",50,112,0.10417,"v4"],[18.3333,"n",36,112,0.10417,"v0"],[18.3333,"n",48,112,0.10417,"v5"],[18.54164,"n",45,112,0.10417,"v6"],[18.6458,"n",36,112,0.10417,"v0"],[18.74997,"n",36,112,0.10417,"v0"],[18.74997,"n",38,112,0.10417,"v2"],[18.74997,"n",43,112,0.20833,"v7"],[18.74997,"n",49,76,0.20833,"v8"],[18.9583,"n",38,112,0.10417,"v2"],[18.9583,"n",57,88,0.20833,"v9"],[19.06247,"n",36,112,0.10417,"v0"],[19.16664,"n",36,112,0.10417,"v0"],[19.16664,"n",41,112,0.10417,"v1"],[19.2708,"n",38,112,0.10417,"v2"],[19.37497,"n",41,112,0.10417,"v1"],[19.47914,"n",36,112,0.10417,"v0"],[19.5833,"n",38,112,0.10417,"v2"],[19.5833,"n",39,112,0.10417,"v3"],[19.5833,"n",55,84,0.41667,"v10"],[19.68747,"n",36,112,0.10417,"v0"],[19.79163,"n",45,112,0.10417,"v6"],[19.8958,"n",43,112,0.10417,"v7"]],[[0.0,"ls",44],[0.0,"ev",18],[0.0,"ev",16],[0.0,"br",12],[0.0,"v",38],[0.0,"p",63],[0.0,"n",84,112,0.01736,"v12"],[0.20833,"n",84,32,0.01736,"v12"],[0.41667,"n",84,60,0.01736,"v12"],[0.625,"n",84,32,0.01736,"v12"],[0.83333,"n",84,60,0.01736,"v12"],[1.04167,"n",84,36,0.01736,"v12"],[1.25,"n",84,80,0.01736,"v12"],[1.45833,"n",84,48,0.01736,"v12"],[1.66666,"n",84,112,0.01736,"v12"],[1.875,"n",84,32,0.01736,"v12"],[2.08333,"n",84,60,0.01736,"v12"],[2.29166,"n",84,32,0.01736,"v12"],[2.5,"n",84,60,0.01736,"v12"],[2.70833,"n",84,32,0.01736,"v12"],[2.91666,"n",84,96,0.01736,"v12"],[3.33333,"n",84,112,0.01736,"v12"],[3.54166,"n",84,32,0.01736,"v12"],[3.74999,"n",84,60,0.01736,"v12"],[3.95833,"n",84,32,0.01736,"v12"],[4.16666,"n",84,60,0.01736,"v12"],[4.37499,"n",84,32,0.01736,"v12"],[4.58333,"n",84,60,0.01736,"v12"],[4.79166,"n",84,32,0.01736,"v12"],[4.99999,"n",84,112,0.01736,"v12"],[5.20832,"n",84,32,0.01736,"v12"],[5.41666,"n",84,60,0.01736,"v12"],[5.62499,"n",84,32,0.01736,"v12"],[5.83332,"n",84,60,0.01736,"v12"],[6.04166,"n",84,32,0.01736,"v12"],[6.24999,"n",84,60,0.01736,"v12"],[6.45832,"n",84,32,0.01736,"v12"],[6.66666,"n",84,112,0.01736,"v12"],[6.87499,"n",84,32,0.01736,"v12"],[7.08332,"n",84,60,0.01736,"v12"],[7.29165,"n",84,32,0.01736,"v12"],[7.49999,"n",84,60,0.01736,"v12"],[7.70832,"n",84,36,0.01736,"v12"],[7.91665,"n",84,80,0.01736,"v12"],[8.12499,"n",84,48,0.01736,"v12"],[8.33332,"n",84,112,0.01736,"v12"],[8.54165,"n",84,32,0.01736,"v12"],[8.74999,"n",84,60,0.01736,"v12"],[8.95832,"n",84,32,0.01736,"v12"],[9.16665,"n",84,60,0.01736,"v12"],[9.37499,"n",84,32,0.01736,"v12"],[9.58332,"n",84,96,0.01736,"v12"],[9.99998,"n",84,112,0.01736,"v12"],[10.20832,"n",84,32,0.01736,"v12"],[10.41665,"n",84,60,0.01736,"v12"],[10.62498,"n",84,32,0.01736,"v12"],[10.83332,"n",84,60,0.01736,"v12"],[11.04165,"n",84,32,0.01736,"v12"],[11.24998,"n",84,60,0.01736,"v12"],[11.45831,"n",84,32,0.01736,"v12"],[11.66665,"n",84,112,0.01736,"v12"],[11.87498,"n",84,32,0.01736,"v12"],[12.08331,"n",84,60,0.01736,"v12"],[12.29165,"n",84,32,0.01736,"v12"],[12.49998,"n",84,60,0.01736,"v12"],[12.70831,"n",84,32,0.01736,"v12"],[12.91665,"n",84,60,0.01736,"v12"],[13.12498,"n",84,32,0.01736,"v12"],[13.33331,"n",84,112,0.01736,"v12"],[13.54165,"n",84,32,0.01736,"v12"],[13.74998,"n",84,60,0.01736,"v12"],[13.95831,"n",84,32,0.01736,"v12"],[14.16664,"n",84,60,0.01736,"v12"],[14.37498,"n",84,36,0.01736,"v12"],[14.58331,"n",84,80,0.01736,"v12"],[14.79164,"n",84,48,0.01736,"v12"],[14.99998,"n",84,112,0.01736,"v12"],[15.20831,"n",84,32,0.01736,